TEAM,ABR,W,L,WIN%,PTS,FGM,FGA,FG%,3PM,3PA,3P%,FTM,FTA,FT%,OREB,DREB,REB,AST,TOV,STL,BLK,BLKA,PF,PFD,+/-,GP,MIN,OffRtg,DefRtg,NetRtg,AST%,AST/TO,OREB%,DREB%,REB%,TOV%,eFG%,TS%,PACE,PIE,POS,OpFGM,OpFGA,OpFG%,Op3PM,Op3PA,Op3P%,OpFTM,OpFTA,OpFT%,OpOREB,OpDREB,OpREB,OpAST,OpTOV,OpSTL,OpBLK,OpBLKA,OpPF,OpPFD,OpPTS,Year
Atlanta Hawks,ATL,41,41,0.5,118.4,44.6,92.4,48.3,10.8,30.5,35.2,18.5,22.6,81.8,11.2,33.2,44.4,25,12.9,7.1,4.9,5,18.8,19.7,0.3,82,3971,115.5,115.4,0.1,56,1.93,28.9,71.7,50,12.6,54.1,57.9,101.56,50,"8,407",43.8,90.2,48.6,11.9,33.5,35.6,18.6,23.2,80.3,10.6,33.5,44.1,26,14.2,7.5,5,4.9,19.7,18.8,118.1,2023
Boston Celtics,BOS,57,25,0.695,117.9,42.2,88.8,47.5,16,42.6,37.7,17.5,21.6,81.2,9.7,35.6,45.3,26.7,13.4,6.4,5.2,3.9,18.8,19.1,6.5,82,3996,117.3,110.6,6.7,63.2,2,25.5,74.6,50.6,13.3,56.6,60,99.15,53.4,"8,247",41.8,90.2,46.3,11.6,33.7,34.5,16.2,21.1,76.9,9.7,34.3,44,23.1,12.7,6.6,3.9,5.2,19.1,18.8,111.4,2023
Brooklyn Nets,BKN,45,37,0.549,113.4,41.5,85.1,48.7,12.8,33.8,37.8,17.7,22.1,80,8.2,32.3,40.5,25.5,13.7,7.1,6.2,3.9,21.1,18.5,0.9,82,3946,114.6,113.5,1.1,61.6,1.86,23.4,68.9,47.2,13.9,56.2,59.8,98.77,51,"8,111",41,88.5,46.3,11.8,32.2,36.7,18.7,24.4,76.7,11.5,33.6,45.1,23.4,13.7,7,3.9,6.2,18.5,21.1,112.5,2023
Charlotte Hornets,CHA,27,55,0.329,111,41.3,90.4,45.7,10.7,32.5,33,17.6,23.6,74.9,11,33.5,44.5,25.1,14.2,7.7,5.2,5.7,20.3,20.3,-6.2,82,3966,108.4,114.7,-6.3,60.9,1.77,27.6,71.7,49.1,13.9,51.6,55.1,101.47,47.3,"8,390",43,90.1,47.7,12.2,34.3,35.7,19,24,79.5,10.9,35.3,46.2,25.9,14.4,7,5.7,5.2,20.3,20.3,117.2,2023
Chicago Bulls,CHI,40,42,0.488,113.1,42.5,86.8,49,10.4,28.9,36.1,17.6,21.8,80.9,8.5,33.9,42.4,24.5,13.4,7.9,4.5,4.7,18.9,18.7,1.3,82,3981,112.8,111.5,1.3,57.5,1.83,23.6,73.6,49.3,13.3,55,58.7,99.18,51.2,"8,225",40.7,87.1,46.8,13.2,37.1,35.7,17.1,22,77.9,9.6,33.7,43.3,26,15,6.7,4.7,4.5,18.7,18.9,111.8,2023
Cleveland Cavaliers,CLE,51,31,0.622,112.3,41.6,85.2,48.8,11.6,31.6,36.7,17.5,22.5,78,9.7,31.4,41.1,24.9,13.3,7.1,4.7,4.4,19,20.4,5.4,82,3976,115.5,109.9,5.6,60,1.87,27.3,71.5,49.6,13.7,55.6,59,96.27,53.1,"7,972",39,83.5,46.8,11.3,30.6,36.8,17.5,22.4,78.2,9.8,31.5,41.2,23,15.7,7,4.4,4.7,20.4,19,106.9,2023
Dallas Mavericks,DAL,38,44,0.463,114.2,40,84.3,47.5,15.2,41,37.1,19,25.1,75.5,7.6,31.2,38.8,22.9,12.2,6.3,3.7,3.8,20.7,21.8,0.1,82,3986,115.9,116.1,-0.2,57.3,1.88,22.6,71.7,47.1,12.4,56.5,59.9,97.21,48.7,"8,082",41.8,86.2,48.5,11.1,31.7,35.2,19.5,25,78.1,10.1,34.6,44.7,24.9,13.1,6.4,3.8,3.7,21.8,20.7,114.1,2023
Denver Nuggets,DEN,53,29,0.646,115.8,43.6,86.4,50.4,11.8,31.2,37.9,16.8,22.4,75.1,10.1,32.9,43,28.9,14.5,7.5,4.5,4.2,18.6,19.5,3.3,82,3951,116.8,113.5,3.3,66.3,1.99,28.9,72.7,51.4,14.7,57.3,60.1,98.74,52.5,"8,129",41.7,87.4,47.8,11.4,33.1,34.4,17.6,22.7,77.5,10.1,30.7,40.8,25.7,13.5,7.9,4.2,4.5,19.5,18.6,112.5,2023
Detroit Pistons,DET,17,65,0.207,110.3,39.6,87.1,45.4,11.4,32.4,35.1,19.8,25.7,77.1,11.2,31.3,42.4,23,15.1,7,3.8,5.5,22.1,21,-8.2,82,3961,109.9,117.8,-7.9,58.1,1.52,29.2,70.2,49.1,15,52,56.1,99.88,44.9,"8,231",43.1,88.1,48.9,12,33.3,36,20.4,26.2,77.7,11,33.7,44.7,25.8,13.5,7.7,5.5,3.8,21,22.1,118.5,2023
Golden State Warriors,GSW,44,38,0.537,118.9,43.1,90.2,47.9,16.6,43.2,38.5,16,20.2,79.4,10.5,34.1,44.6,29.8,16.3,7.2,4,4,21.4,18.4,1.8,82,3966,115.1,113.4,1.7,69.1,1.83,27.7,71.9,50.2,15.8,57.1,60,102.54,51,"8,472",42.4,90.5,46.8,12.9,35.5,36.4,19.4,25.2,76.9,10.7,32.6,43.3,25.7,14.3,7.9,4,4,18.4,21.4,117.1,2023
Houston Rockets,HOU,22,60,0.268,110.7,40.6,88.9,45.7,10.4,31.9,32.7,19.1,25.3,75.4,13.4,32.9,46.3,22.4,16.2,7.3,4.6,6.2,20.5,20.6,-7.9,82,3951,110.5,118.6,-8.1,55.1,1.38,34.4,72.9,53,16.2,51.6,55.4,99.74,45.7,"8,220",42.4,88.1,48.2,14.5,38.8,37.4,19.2,24.2,79.4,10.5,31,41.5,26.1,13.2,8.8,6.2,4.6,20.6,20.5,118.6,2023
Indiana Pacers,IND,35,47,0.427,116.3,42,89.6,46.9,13.6,37,36.7,18.7,23.7,79,10.1,31.4,41.5,27,14.9,7.7,5.8,5.3,21.2,20.2,-3.2,82,3951,113.8,117.1,-3.3,64.3,1.81,28.5,68.5,48.2,14.6,54.5,58.1,101.68,48.2,"8,377",43.3,89.3,48.5,12.4,33.3,37.3,20.5,25.6,80,12.1,33.2,45.3,26.4,15.1,7.9,5.3,5.8,20.2,21.2,119.5,2023
LA Clippers,LAC,44,38,0.537,113.6,41.1,86.1,47.7,12.7,33.3,38.1,18.7,23.9,78.1,9.8,33.4,43.2,23.9,14.2,7.1,4.4,4.2,19.5,19.6,0.5,82,3966,114,113.6,0.5,58.1,1.68,27.3,73.1,50.5,14.3,55.1,58.8,98.84,49.8,"8,168",41.8,88.3,47.4,12.2,33.4,36.5,17.2,22.3,77.1,10.2,32.9,43.1,25,13,7.8,4.2,4.4,19.6,19.5,113.1,2023
Los Angeles Lakers,LAL,43,39,0.524,117.2,42.9,89,48.2,10.8,31.2,34.6,20.6,26.6,77.5,10,35.7,45.7,25.3,14.1,6.4,4.6,5.1,17.9,21.5,0.6,82,3976,113.9,113.2,0.7,58.9,1.8,26.9,72.7,50.5,13.7,54.2,58.2,101.92,51.1,"8,436",44,93.9,46.9,12.5,36.5,34.4,16.1,20.8,77.3,11.1,33.8,44.9,25.7,12.6,7.6,5.1,4.6,21.5,17.9,116.6,2023
Memphis Grizzlies,MEM,51,31,0.622,116.9,43.7,92.1,47.5,12,34.2,35.1,17.5,23.8,73.3,12,34.6,46.6,26,13.6,8.3,5.8,5.2,20,20,3.9,82,3956,114.7,110.7,4,59.6,1.91,30.2,71.1,50.7,13.3,54,57,101.5,51.9,"8,360",40.7,89.8,45.3,13,36.6,35.5,18.5,23.5,78.7,11,33.4,44.4,26.4,15.1,6.8,5.2,5.8,20,20,113,2023
Miami Heat,MIA,44,38,0.537,109.5,39.2,85.3,46,12,34.8,34.4,19.1,23,83.1,9.7,30.9,40.6,23.8,13.5,8,3,3.8,18.5,20,-0.3,82,3961,112.3,112.8,-0.5,60.8,1.77,27.4,73.3,49.8,13.8,53,57.4,96.76,49.6,"7,991",40.1,83.2,48.2,13.1,35.8,36.7,16.5,21.1,78.1,8.9,33,41.8,25.6,15.7,7,3.8,3,20,18.5,109.8,2023
Milwaukee Bucks,MIL,58,24,0.707,116.9,42.7,90.4,47.3,14.8,40.3,36.8,16.6,22.4,74.3,11.1,37.5,48.6,25.8,14.6,6.4,4.9,3.9,18,19,3.6,82,3966,114.3,110.9,3.4,60.4,1.76,28.4,74.5,52.1,14.3,55.5,58.3,101.45,52.3,"8,389",42.5,93.2,45.6,12.1,34.1,35.4,16.3,21,77.6,10.7,33.5,44.2,23.9,11.8,7,3.9,4.9,19,18,113.3,2023
Minnesota Timberwolves,MIN,42,40,0.512,115.8,42.9,87.4,49,12.2,33.3,36.5,17.9,23.7,75.5,9.1,32.8,41.9,26.2,15.3,8,5.4,4.1,21.6,20.2,0,82,3966,113.3,113.1,0.2,61,1.71,25.8,70.3,48.5,15,56,59.2,101.55,50.3,"8,383",41.8,88.7,47.1,12.3,33.3,36.9,19.9,26,76.6,11.3,33.3,44.7,25,15.4,8.2,4.1,5.4,20.2,21.6,115.8,2023
New Orleans Pelicans,NOP,42,40,0.512,114.4,42,87.6,48,11,30.1,36.4,19.3,24.4,79.3,10.6,33.1,43.7,25.9,14.6,8.3,4.1,4.7,20.5,20.4,1.9,82,3971,113.8,112,1.9,61.6,1.77,29,73.2,51.2,14.5,54.3,58.2,99.58,51.4,"8,239",40.9,86.6,47.2,12.2,36,33.9,18.4,23.6,77.9,9.7,32.1,41.8,24.9,15,7.3,4.7,4.1,20.4,20.5,112.5,2023
New York Knicks,NYK,47,35,0.573,116,42,89.4,47,12.6,35.7,35.4,19.4,25.5,76.1,12.6,34,46.6,22.9,13,6.4,4.1,4.5,20.3,20.7,2.9,82,3991,117,114.2,2.8,54.6,1.77,31.8,72.7,52.1,13.1,54.1,57.7,97.75,50.9,"8,134",40.8,88.2,46.2,13,36.5,35.7,18.5,23.7,78.2,10.1,31.9,42,25.1,12.7,6,4.5,4.1,20.7,20.3,113.1,2023
Oklahoma City Thunder,OKC,40,42,0.488,117.5,43.1,92.6,46.5,12.1,34.1,35.6,19.2,23.7,80.9,11.4,32.3,43.7,24.4,13,8.2,4.2,5.5,21,20.4,1.1,82,3971,114.2,113.2,1,56.7,1.87,28.9,69.3,48.7,12.7,53.1,57,101.94,49.8,"8,435",41.9,88.4,47.4,12.9,36,35.8,19.6,25.5,77.1,12,34.6,46.6,25.9,16.8,7,5.5,4.2,20.4,21,116.4,2023
Orlando Magic,ORL,34,48,0.415,111.4,40.5,86.3,47,10.8,31.1,34.6,19.6,25,78.4,10.2,33.1,43.2,23.2,15.1,7.4,4.7,5.1,20.1,20.5,-2.6,82,3956,111.3,113.7,-2.3,57.4,1.54,28.1,73,50.5,15.1,53.2,57.3,99.66,48.5,"8,205",41.3,86.9,47.6,13,37,35.1,18.3,23,79.6,9.5,32.5,42,25.9,14.7,7.7,5.1,4.7,20.5,20.1,114,2023
Philadelphia 76ers,PHI,54,28,0.659,115.2,40.8,83.8,48.7,12.6,32.6,38.7,21,25.1,83.5,8.7,32.2,40.9,25.2,13.7,7.7,4.7,4.6,20.4,19.6,4.3,82,3976,117,112.7,4.4,61.6,1.84,25.8,72.1,49.6,13.9,56.3,60.8,97.44,52.4,"8,072",40.4,85.4,47.3,11.6,33.4,34.8,18.5,23.7,78.1,9.5,31.6,41.2,24.2,14.3,6.6,4.6,4.7,19.6,20.4,110.9,2023
Phoenix Suns,PHX,45,37,0.549,113.6,42.1,90.1,46.7,12.2,32.6,37.4,17.2,21.7,79.3,11.8,32.4,44.2,27.3,13.5,7.1,5.3,4,21.2,19.9,2.1,82,3956,114.5,112.3,2.2,64.7,2.01,30.7,71.4,50.8,13.6,53.5,57,98.83,51.4,"8,141",40,85.9,46.6,11.4,32,35.7,20.1,25.6,78.6,10.2,32.6,42.9,23.4,14.4,7.2,4,5.3,19.9,21.2,111.6,2023
Portland Trail Blazers,POR,33,49,0.402,113.4,40.5,85.4,47.4,12.9,35.3,36.5,19.6,24.6,79.6,9.4,31.1,40.5,24.2,14.5,6.7,4.6,4.3,20,20.5,-4,82,3946,114,118,-4,59.7,1.67,26.4,70.9,48.6,14.5,54.9,58.9,99.25,47.4,"8,157",43,87.5,49.1,12.5,33.1,37.9,19,24.1,78.7,10.5,32.8,43.2,27,13.5,7.8,4.3,4.6,20.5,20,117.4,2023
Sacramento Kings,SAC,48,34,0.585,120.7,43.6,88.2,49.4,13.8,37.3,36.9,19.8,25.1,79,9.5,32.9,42.5,27.3,13.5,7,3.4,4.2,19.7,20.9,2.6,82,3966,118.6,116,2.6,62.6,2.02,26.5,73.1,49.9,13.3,57.2,60.8,100.99,51.1,"8,343",43.8,88.9,49.2,12.5,33.4,37.3,18.1,23,78.7,9.7,32.5,42.2,26.7,14.2,7.3,4.2,3.4,20.9,19.7,118.1,2023
San Antonio Spurs,SAS,22,60,0.268,113,43.1,92.6,46.5,11.1,32.2,34.5,15.8,21.2,74.3,11.8,31.9,43.7,27.2,15.3,7,3.9,5.3,19.9,18.5,-10,82,3971,109.7,119.6,-9.9,63.2,1.78,29.9,70.9,49.5,14.8,52.5,55.4,102.07,45.2,"8,451",46.1,91,50.7,12.6,32.3,39.1,18.2,23.7,77,10.7,34.3,45,26.8,13.8,8.1,5.3,3.9,18.5,19.9,123.1,2023
Toronto Raptors,TOR,41,41,0.5,112.9,41.9,91.3,45.9,10.7,32,33.5,18.4,23.4,78.4,12.7,30.3,43,23.9,11.7,9.4,5.2,4.6,20,19.6,1.5,82,3961,114.6,113.1,1.5,57.1,2.05,31.6,72.1,50.2,11.8,51.7,55.5,97.85,49.6,"8,076",40.4,82.3,49.1,12.2,32.6,37.4,18.4,23.1,79.7,9.2,33,42.3,26.2,16.7,6,4.6,5.2,19.6,20,111.4,2023
Utah Jazz,UTA,37,45,0.451,117.1,42.5,89.8,47.3,13.3,37.8,35.3,18.7,23.8,78.6,11.8,34.1,45.9,26,15.4,6.1,5.2,4.9,20.5,20.5,-0.9,82,3961,115.3,116,-0.7,61.1,1.69,30.8,71.1,51.2,15.1,54.7,58.4,101.02,49.8,"8,329",43.4,91.6,47.3,12.5,34.5,36.1,18.8,24.3,77.6,11.2,32.2,43.5,25,12.6,7.8,4.9,5.2,20.5,20.5,118,2023
Washington Wizards,WAS,35,47,0.427,113.2,42.1,86.9,48.5,11.3,31.7,35.6,17.6,22.4,78.5,9.4,34.2,43.6,25.4,14.1,6.8,5.2,5,18.8,19.4,-1.2,82,3951,113.7,114.9,-1.2,60.3,1.8,27.3,72.4,50.5,14.2,55,58.5,99.16,50.4,"8,161",42.5,89.8,47.3,12,32.8,36.6,17.5,21.9,79.8,10.8,32.3,43,24.8,12.3,7.1,5,5.2,19.4,18.8,114.4,2023
Atlanta Hawks,ATL,43,39,0.524,113.9,41.5,88.3,47,12.9,34.4,37.4,18.1,22.3,81.2,10,33.9,44,24.6,11.9,7.2,4.2,4.5,18.7,20.3,1.6,82,3941,115.4,113.7,1.6,59.3,2.08,26.9,73.1,50.1,12,54.3,58.1,98.67,50.9,"8,099",41.9,89,47.1,12.8,35.2,36.4,15.8,19.9,79.2,10.2,33.6,43.9,25.4,12.8,7,4.5,4.2,20.3,18.7,112.4,2022
Boston Celtics,BOS,51,31,0.622,111.8,40.7,87.4,46.6,13.2,37.1,35.6,17,20.9,81.6,10.5,35.5,46.1,24.8,13.6,7.2,5.8,4.6,18.5,19.4,7.3,82,3981,113.6,106.2,7.4,60.9,1.82,27.7,72.5,50.9,13.9,54.2,57.8,97.26,54.7,"8,068",38.3,88.1,43.4,11.8,34.9,33.9,16.1,20.6,78.3,10.5,33.3,43.7,21.6,13.8,7.5,4.6,5.8,19.4,18.5,104.5,2022
Brooklyn Nets,BKN,44,38,0.537,112.9,42,88.4,47.5,11.5,31.7,36.1,17.5,21.7,80.5,10.3,34.1,44.4,25.3,14.1,7.1,5.5,4.9,20.4,19.7,0.8,82,3951,113.2,112.3,0.9,60.2,1.8,28.1,70.4,49.9,14.1,54,57.6,99.4,51.2,"8,177",40.7,90.2,45.2,12.5,36.3,34.5,18.1,23,78.8,11.3,32.8,44.1,23.8,13.3,7.9,4.9,5.5,19.7,20.4,112.1,2022
Charlotte Hornets,CHA,43,39,0.524,115.3,42.8,91.4,46.8,13.9,38.2,36.5,15.8,21.4,74,10.8,33.7,44.6,28.1,13.3,8.6,4.9,4.6,19.9,19.6,0.4,82,3976,113.6,113.1,0.5,65.6,2.12,27,70.6,48.6,13.1,54.4,57.2,100.52,50.4,"8,322",42,90.1,46.6,14,38.7,36.2,16.9,22.1,76.3,11.4,35.6,47,26.5,15,7.5,4.6,4.9,19.6,19.9,114.9,2022
Chicago Bulls,CHI,46,36,0.561,111.6,41.7,86.9,48,10.6,28.8,36.9,17.5,21.5,81.3,8.7,33.7,42.3,23.9,12.8,7.1,4.1,5,18.8,18.2,-0.4,82,3946,112.7,113.2,-0.5,57.2,1.86,24.9,73.5,49.5,13,54.1,57.9,98.76,49.6,"8,124",41.4,87.4,47.4,11.7,32,36.6,17.4,21.9,79.5,9.3,33.9,43.2,25,13.1,7.1,5,4.1,18.2,18.8,112,2022
Cleveland Cavaliers,CLE,44,38,0.537,107.8,39.7,84.6,46.9,11.6,32.8,35.5,16.8,22.1,76,10.2,34,44.2,25.2,14.4,7.1,4.2,4.6,17.5,20,2.1,82,3946,111,108.9,2.1,63.4,1.75,27.7,72.4,50.6,14.8,53.8,57.1,96.83,51.7,"7,964",39.5,87.2,45.2,11.7,33.2,35.3,15,19.4,77.4,10.5,32.4,42.9,24.1,13.4,8.4,4.6,4.2,20,17.5,105.7,2022
Dallas Mavericks,DAL,52,30,0.634,108,39.3,85.1,46.1,13.1,37.4,35,16.4,21.2,77.1,9.3,33.8,43,23.4,12.5,6.7,4,3.7,19.7,20.1,3.3,82,3951,112.5,109.1,3.5,59.5,1.87,25.6,73.3,49.6,13,53.8,57.2,95.64,51.1,"7,871",39,85.4,45.7,10.9,32.1,34,15.8,20.6,76.7,9.5,34.1,43.6,23.5,13.1,7,3.7,4,20.1,19.7,104.7,2022
Denver Nuggets,DEN,48,34,0.585,112.7,41.7,86.3,48.3,12.7,35.9,35.3,16.7,21,79.5,9.2,34.9,44.1,27.8,14.5,7.2,3.7,4.8,20,19.9,2.3,82,3961,113.8,111.5,2.3,66.7,1.92,26.8,75.2,51.5,14.6,55.6,59,98.41,51.6,"8,123",41.1,87.4,47,11.8,34.2,34.6,16.5,21.7,75.7,9.7,32.7,42.4,25.4,12.8,7.9,4.8,3.7,19.9,20,110.4,2022
Detroit Pistons,DET,23,59,0.28,104.8,38.2,88.6,43.1,11.3,34.6,32.6,17.2,22,78.2,11,32,43,23.5,14.2,7.7,4.8,5.2,21.9,19.8,-7.7,82,3956,105.6,113.3,-7.7,61.5,1.65,27.6,70.7,48.1,14.3,49.4,53.3,98.81,45,"8,141",40.6,86,47.3,11.8,32.5,36.2,19.5,25.1,77.7,10.3,35.9,46.3,25.1,14.6,7.4,5.2,4.8,19.8,21.9,112.5,2022
Golden State Warriors,GSW,53,29,0.646,111,40.5,86.4,46.9,14.3,39.4,36.4,15.6,20.3,76.9,9.8,35.7,45.5,27.1,14.9,8.8,4.5,3.9,21,18,5.5,82,3946,112.1,106.6,5.5,66.9,1.82,26.9,73.6,51,15,55.2,58.2,98.74,53.6,"8,121",37.9,86.6,43.8,12.2,36,33.9,17.4,22.9,75.9,9.7,33,42.6,22.9,14.5,7.9,3.9,4.5,18,21,105.5,2022
Houston Rockets,HOU,20,62,0.244,109.7,39.4,86.4,45.6,13.5,38.7,34.9,17.5,24.5,71.3,9.6,32.4,42,23.6,16.5,7.3,4.7,5.8,20.6,22.1,-8.5,82,3951,108.1,116.4,-8.3,59.8,1.43,26.5,71,48.5,16.2,53.4,56.5,101.16,45.1,"8,323",43.4,89.9,48.3,12.8,36.2,35.3,18.5,23.7,78.2,11.2,34.5,45.7,25.6,14.1,9.5,5.8,4.7,22.1,20.6,118.2,2022
Indiana Pacers,IND,25,57,0.305,111.5,41.4,89.5,46.3,12.2,35.4,34.4,16.4,21.4,76.8,11.3,32.6,43.9,25.4,14.4,7.1,5.6,4.9,20.4,19.2,-3.5,82,3976,111.9,115.5,-3.6,61.2,1.76,31,72.5,51.2,14.5,53.1,56.4,98.55,47.8,"8,166",42.5,88,48.3,12,32.3,37.2,17.9,22.5,79.7,10.2,33,43.1,25.1,13.3,8.1,4.9,5.6,19.2,20.4,114.9,2022
LA Clippers,LAC,42,40,0.512,108.4,40.1,87.4,45.8,12.8,34.2,37.4,15.5,19.6,79.3,9.1,34.9,44,24,13.7,7.4,5,4.1,18.6,18.5,0,82,3956,109.5,109.5,0,59.9,1.75,25.4,70.6,48.6,13.9,53.1,56.4,98.51,50.2,"8,121",40.8,90.6,45,11.7,33.9,34.5,15.2,19.6,77.5,12,35.1,47.1,24.1,13.6,7.7,4.1,5,18.5,18.6,108.4,2022
Los Angeles Lakers,LAL,33,49,0.402,112.1,41.6,88.8,46.9,12,34.5,34.7,16.8,23,73.2,9.5,34.5,44,24,14.5,7.6,5.2,4.1,20.2,20.1,-3,82,3996,110,112.8,-2.9,57.6,1.65,25.6,72,49,14.2,53.7,56.7,100.47,48.2,"8,360",42.6,90.5,47,12.6,35.8,35.2,17.4,23.3,74.7,11,35.6,46.6,26.3,14,8.3,4.1,5.2,20.1,20.2,115.1,2022
Memphis Grizzlies,MEM,56,26,0.683,115.6,43.5,94.4,46.1,11.5,32.7,35.3,17,23.1,73.4,14.1,35,49.2,26,13.2,9.8,6.5,6,19.8,19.8,5.7,82,3956,114.3,108.9,5.3,59.7,1.97,33.8,72.6,52.6,13,52.2,55.3,100.52,53,"8,295",40.3,88.6,45.5,12,34.5,34.9,17.3,22.4,77.1,10,33,43,25,15.1,7.2,6,6.5,19.8,19.8,109.9,2022
Miami Heat,MIA,53,29,0.646,110,39.6,84.8,46.7,13.6,35.8,37.9,17.3,21.4,80.8,9.8,33.9,43.7,25.5,14.6,7.4,3.2,4,20.5,20.6,4.5,82,3971,113,108.4,4.5,64.4,1.75,27.8,73.5,51,14.9,54.7,58.4,96.53,52.9,"7,987",37.5,84,44.7,13,38.3,33.9,17.5,22.5,77.9,9.5,32.1,41.7,23.3,15,7.4,4,3.2,20.6,20.5,105.6,2022
Milwaukee Bucks,MIL,51,31,0.622,115.5,41.8,89.4,46.8,14.1,38.4,36.6,17.8,22.9,77.6,10.2,36.5,46.7,23.9,13.4,7.6,4,4.4,18.2,19.7,3.4,82,3951,114.3,111.1,3.2,57.2,1.78,26.9,74.7,51.2,13.3,54.6,58,100.59,51.6,"8,284",41.4,90.6,45.6,14.5,40.6,35.6,15,19.9,75.1,9.9,34.2,44.1,25.9,13,7.4,4.4,4,19.7,18.2,112.1,2022
Minnesota Timberwolves,MIN,46,36,0.561,115.9,41.6,91,45.7,14.8,41.3,35.8,18,23.1,77.8,11.2,32.9,44.2,25.7,14.3,8.8,5.6,4.8,21.8,20.9,2.6,82,3956,113.8,111,2.7,61.7,1.79,28.4,70.6,49,14.1,53.9,57.3,101.47,50.4,"8,357",40.2,87.4,46,13.1,37.3,35,19.8,25.4,78,11,34.9,45.9,26.2,16.3,7.2,4.8,5.6,20.9,21.8,113.3,2022
New Orleans Pelicans,NOP,36,46,0.439,109.3,40.2,88,45.7,10.6,32.1,33.2,18.3,23.2,78.9,12,33.2,45.2,25,14.1,8.3,4,4.8,19.7,20.5,-1,82,3951,111.2,112,-0.8,62.1,1.78,30.6,74.2,51.8,14.3,51.7,55.7,98.02,50,"8,060",40.3,85.5,47.1,13,35.5,36.5,16.8,21.4,78.6,9.3,32.5,41.8,24.9,14.2,7.4,4.8,4,20.5,19.7,110.3,2022
New York Knicks,NYK,37,45,0.451,106.5,37.7,86.2,43.7,13.2,36.9,35.7,18,24.1,74.4,11.5,34.6,46.1,21.9,13.3,7,4.9,4.6,20.4,20.4,-0.1,82,3956,109.7,110.2,-0.4,58.1,1.65,29.1,74,51.2,13.7,51.3,55,96.42,49.1,"7,958",38.5,86,44.7,12.7,37,34.2,17,22.3,76.4,9.3,34.3,43.6,24.2,12.7,7,4.6,4.9,20.4,20.4,106.6,2022
Oklahoma City Thunder,OKC,24,58,0.293,103.7,38.3,89.1,43,12.1,37.4,32.3,15,19.9,75.6,10.4,35.2,45.6,22.2,14,7.6,4.6,6,18.3,17.8,-8.1,82,3961,103.8,111.7,-8,58,1.59,25.6,72.7,48.7,14,49.7,53,99.39,45.1,"8,198",41.4,90.5,45.8,13.6,38.7,35.3,15.3,19.9,77.1,11,37.3,48.4,26.1,13.2,8.5,6,4.6,17.8,18.3,111.8,2022
Orlando Magic,ORL,22,60,0.268,104.2,38.3,88.3,43.4,12.2,36.9,33.1,15.5,19.7,78.7,9.1,35.2,44.3,23.7,14.5,6.8,4.5,5.2,19.7,18.3,-8,82,3956,103.9,112.1,-8.1,62,1.64,24.9,73.5,49,14.4,50.3,53.8,99.71,45.8,"8,223",40.8,89,45.8,13.2,36.3,36.3,17.4,22.6,77.2,10.4,36.8,47.1,24.8,13.2,8,5.2,4.5,18.3,19.7,112.2,2022
Philadelphia 76ers,PHI,51,31,0.622,109.9,39.4,84.5,46.6,11.6,31.8,36.4,19.6,23.8,82.1,8.5,33.8,42.3,23.7,12.5,7.7,5.3,4.6,19.4,19.4,2.6,82,3961,113,110.2,2.8,60.2,1.89,24.6,72.4,49,12.9,53.4,57.8,96.71,51.7,"7,975",39.7,86.5,45.8,11.4,32.8,34.6,16.6,21.6,76.9,10.2,34,44.2,23.6,13.3,6.6,4.6,5.3,19.4,19.4,107.3,2022
Phoenix Suns,PHX,64,18,0.78,114.8,43.7,90.1,48.5,11.6,31.9,36.4,15.9,19.9,79.7,9.8,35.5,45.3,27.4,12.9,8.6,4.4,4,19.9,18.9,7.5,82,3946,114.2,106.8,7.5,62.7,2.12,26.4,72.8,50.3,12.9,54.9,58.1,100.26,54.8,"8,242",39.2,88.3,44.4,11.6,34.2,34,17.3,22.7,76.1,10.5,33.9,44.5,22.9,14.7,7.5,4,4.4,18.9,19.9,107.3,2022
Portland Trail Blazers,POR,27,55,0.329,106.2,38.5,87.1,44.2,12.7,36.8,34.6,16.4,21.6,76,10.4,32.5,42.9,22.9,14.5,8,4.5,5,21.1,19.4,-8.9,82,3946,107.3,116.3,-9.1,59.5,1.58,26.8,72.1,48.7,14.6,51.5,55,98.74,44.7,"8,120",41.1,85.9,47.9,13.8,37.1,37.1,19.1,24.6,77.7,9.8,35,44.7,26.6,14,8.2,5,4.5,19.4,21.1,115.1,2022
Sacramento Kings,SAC,30,52,0.366,110.3,40.5,88.1,46,11.4,33.2,34.4,17.9,23.3,76.8,9.6,33.4,42.9,23.7,14.1,7.2,4.5,4.8,18.9,20.3,-5.5,82,3961,109.6,114.8,-5.2,58.5,1.68,25.9,71.4,48.4,14,52.5,56.1,100.1,47.3,"8,252",43.4,90.6,47.9,13,34.9,37.2,15.9,20.5,77.6,10.6,35.3,45.8,25.3,13.5,8.1,4.8,4.5,20.3,18.9,115.8,2022
San Antonio Spurs,SAS,34,48,0.415,113.2,43.2,92.7,46.7,11.3,32,35.2,15.4,20.4,75.4,11,34.3,45.3,27.9,12.7,7.6,4.9,4.9,18.1,18.9,0.1,82,3961,111.9,111.7,0.2,64.6,2.19,28.1,71.1,49.4,12.6,52.7,55.6,100.51,51,"8,290",42.5,91.2,46.6,12.1,33.6,36,16,20.9,76.7,11.4,35.4,46.8,24,13.8,7.3,4.9,4.9,18.9,18.1,113,2022
Toronto Raptors,TOR,48,34,0.585,109.4,40.6,91.3,44.5,11.9,34.2,34.9,16.2,21.3,75.9,13.4,32,45.3,22.1,12.5,9,4.6,5.1,19.6,19.1,2.3,82,3971,112.1,109.9,2.2,54.3,1.77,32.5,71.4,50.8,12.8,51,54.3,96.63,49.4,"8,000",39,84.4,46.2,12.4,34.9,35.4,16.8,21.2,78.9,10.3,33.7,44,25.3,15.8,6.7,5.1,4.6,19.1,19.6,107.1,2022
Utah Jazz,UTA,49,33,0.598,113.6,40.6,86.2,47.1,14.5,40.3,36,17.9,23.4,76.7,10.8,35.6,46.3,22.4,14,7.2,4.9,4.3,18.9,20.3,6,82,3946,116.2,110,6.2,55.2,1.6,30,73.8,52.5,14.3,55.5,58.9,97.5,52.8,"8,014",40.4,89.2,45.3,12.1,34.6,35,14.6,19.3,75.8,9.9,31.7,41.6,23.4,12,7.8,4.3,4.9,20.3,18.9,107.6,2022
Washington Wizards,WAS,35,47,0.427,108.6,40.6,86,47.2,10.5,30.6,34.2,17,21.7,78.3,9,34.1,43.1,25,13.1,6.4,5,4.2,18.8,19.9,-3.4,82,3966,110.2,113.6,-3.4,61.7,1.91,24.7,73.1,49.4,13.3,53.2,56.8,97.8,49.6,"8,079",41.3,88.9,46.4,11.5,31.8,36.1,18,22.3,80.7,10.2,34,44.2,23.7,11.9,7.3,4.2,5,19.9,18.8,112,2022
Atlanta Hawks,ATL,41,31,0.569,113.7,40.8,87.2,46.8,12.4,33.4,37.3,19.7,24.2,81.2,10.6,35.1,45.6,24.1,13.2,7,4.8,5,19.3,19.8,2.3,72,3481,114.3,112.1,2.2,59.1,1.82,28.4,74.2,51.6,13.3,53.9,58.1,98.68,51.1,"7,160",41.3,89.1,46.3,11.9,34.2,34.9,16.9,21.1,80.3,10,32.7,42.7,24.4,12.3,7.7,5,4.8,19.8,19.3,111.4,2021
Boston Celtics,BOS,36,36,0.5,112.6,41.5,88.9,46.6,13.6,36.4,37.4,16.1,20.8,77.5,10.6,33.6,44.3,23.5,14.1,7.7,5.3,4.6,20.4,19.3,1.5,72,3476,113.1,111.8,1.2,56.6,1.67,28.9,73.7,51,14.1,54.3,57.4,98.94,50.1,"7,172",39.9,86,46.4,12.8,34.3,37.4,18.5,23.5,78.5,9.4,33.1,42.5,24.1,14.1,7.4,4.6,5.3,19.3,20.4,111.2,2021
Brooklyn Nets,BKN,48,24,0.667,118.6,43.1,87.3,49.4,14.2,36.1,39.2,18.1,22.5,80.4,8.9,35.5,44.4,26.8,13.5,6.7,5.3,4.6,19,18.9,4.5,72,3481,117.3,113.1,4.2,62.1,1.98,25.2,72.6,50.3,13.4,57.5,61,100.27,53.2,"7,280",41.9,91.3,45.9,13.2,36.2,36.5,17.1,22,77.5,10.5,32.6,43.1,24,12.6,7.6,4.6,5.3,18.9,19,114.1,2021
Charlotte Hornets,CHA,33,39,0.458,109.5,39.9,87.8,45.5,13.7,37,36.9,15.9,20.9,76.1,10.6,33.2,43.8,26.8,14.8,7.8,4.8,4.8,18,18.6,-1.9,72,3471,110.1,112,-1.9,67.2,1.81,27.6,72.2,49.6,14.9,53.2,56.4,99,48.9,"7,159",41.3,88.1,46.8,14.5,39.5,36.6,14.4,19.3,74.5,10.6,34.5,45.2,27.1,14.7,8.1,4.8,4.8,18.6,18,111.4,2021
Chicago Bulls,CHI,31,41,0.431,110.7,42.2,88.6,47.6,12.6,34,37,13.8,17.5,79.1,9.6,35.3,45,26.8,15.1,6.7,4.2,5.1,18.9,17.7,-0.9,72,3476,110.4,111.5,-1.1,63.5,1.77,26.7,76.7,51.9,15.1,54.7,57.5,99.58,49.9,"7,220",41.4,87.7,47.3,11.5,32.3,35.6,17.2,22.2,77.4,8.7,33.5,42.1,24.1,12.7,8.5,5.1,4.2,17.7,18.9,111.6,2021
Cleveland Cavaliers,CLE,22,50,0.306,103.8,38.6,85.8,45,10,29.7,33.6,16.7,22.4,74.3,10.4,32.3,42.8,23.8,15.5,7.8,4.5,5.9,18.2,20.2,-8.4,72,3486,105.2,113.5,-8.3,61.8,1.54,28,72.9,49.9,15.7,50.8,54.3,97.96,46,"7,107",42,86.7,48.4,12.4,32.4,38.3,15.9,20.4,77.9,9.9,33.8,43.7,25.4,14.3,8.5,5.9,4.5,20.2,18.2,112.3,2021
Dallas Mavericks,DAL,42,30,0.583,112.4,41.1,87.3,47,13.8,38.1,36.2,16.5,21.2,77.8,9.1,34.2,43.3,22.9,12.1,6.3,4.3,3.7,19.4,20.1,2.3,72,3461,114.6,112.3,2.3,55.7,1.9,25.3,73.4,49.6,12.3,55,58.2,97.94,51,"7,062",40.1,87.1,46,12.8,35.2,36.5,17.2,22.5,76.4,9.8,34.2,43.9,22.7,12.6,7.3,3.7,4.3,20.1,19.4,110.2,2021
Denver Nuggets,DEN,47,25,0.653,115.1,43.3,89.2,48.5,12.9,34.2,37.7,15.7,19.5,80.3,10.5,33.9,44.4,26.8,13.5,8.1,4.5,4.5,19.1,19.2,4.9,72,3496,116.3,111.5,4.8,62.1,1.99,29.2,75.1,52.2,13.6,55.7,58.8,97.74,52.5,"7,123",40,85.4,46.9,13,35.7,36.3,17.1,22.1,77.3,9.1,32.1,41.2,25.9,14.1,7.5,4.5,4.5,19.2,19.1,110.1,2021
Detroit Pistons,DET,20,52,0.278,106.6,38.7,85.6,45.2,11.6,32.9,35.1,17.8,23.4,75.9,9.6,33.1,42.7,24.2,14.9,7.4,5.2,5.8,20.5,20.4,-4.5,72,3486,107.6,112.2,-4.5,62.6,1.62,26.7,72.5,49.3,15.1,51.9,55.6,98.19,47.3,"7,132",41.4,86.9,47.6,11.3,31.4,36.2,17,22.3,76,10,34.4,44.3,24.8,13.9,8,5.8,5.2,20.4,20.5,111.1,2021
Golden State Warriors,GSW,39,33,0.542,113.7,41.3,88.2,46.8,14.6,38.7,37.6,16.6,21.1,78.5,8,35.1,43,27.7,15,8.2,4.8,4.3,21.2,19.5,1.1,72,3461,110.5,109.4,1.1,67,1.84,22.2,72.7,48,14.6,55.1,58.3,102.81,51,"7,412",40.2,89,45.2,12.4,34.5,35.9,19.8,25.5,77.8,10.7,36.6,47.3,23.8,15,7.9,4.3,4.8,19.5,21.2,112.7,2021
Houston Rockets,HOU,17,55,0.236,108.8,39.3,88.5,44.4,13.8,40.6,33.9,16.5,22.3,74,9.3,33.3,42.6,23.6,14.7,7.6,5,5.3,19.5,19.3,-7.9,72,3461,107,114.4,-7.4,60.1,1.6,24,72.3,47.4,14.5,52.1,55.3,101.69,45.1,"7,320",42.7,89,48,13.4,35.2,38.2,17.9,22.8,78.3,9.9,37.7,47.6,25.8,14.7,8.5,5.3,5,19.3,19.5,116.7,2021
Indiana Pacers,IND,34,38,0.472,115.3,43.3,91.2,47.4,12.3,34,36.4,16.4,20.7,79.2,9,33.7,42.7,27.4,13.5,8.5,6.4,5.3,20.2,18.1,0,72,3491,111.9,111.9,0.1,63.3,2.02,24.7,70.1,47.6,13.1,54.2,57.5,102.05,50.2,"7,419",42.7,91.3,46.8,11.5,31.5,36.6,18.4,23.5,78.2,11.3,35.5,46.8,26.1,14.8,7.4,5.3,6.4,18.1,20.2,115.3,2021
LA Clippers,LAC,47,25,0.653,114,41.8,86.7,48.2,14.3,34.7,41.1,16.2,19.3,83.9,9.4,34.7,44.2,24.4,13.2,7.1,4.1,4.2,19.2,18.1,6.2,72,3456,116.7,110.6,6.1,58.4,1.85,27,75.4,51.8,13.5,56.4,59.9,97.63,53,"7,036",40.1,86.4,46.4,11.6,32.5,35.6,16.1,20.7,77.7,9.2,32,41.2,22.9,12.8,7.1,4.2,4.1,18.1,19.2,107.8,2021
Los Angeles Lakers,LAL,42,30,0.583,109.5,40.6,86.1,47.2,11.1,31.2,35.4,17.2,23.3,73.9,9.7,34.6,44.2,24.7,15.2,7.8,5.4,4.5,19.1,21.3,2.8,72,3491,109.8,106.8,2.9,60.7,1.62,26.9,74.8,51.1,15.2,53.6,56.9,98.85,51.7,"7,184",39.8,86.4,46,11.4,32.2,35.2,15.9,20.5,77.6,8.8,33.2,42,24.7,15.2,8.2,4.5,5.4,21.3,19.1,106.8,2021
Memphis Grizzlies,MEM,38,34,0.528,113.3,42.8,91.8,46.7,11.2,31.4,35.6,16.4,21.3,77.1,11.2,35.3,46.5,26.9,13.3,9.1,5.1,5.2,18.7,18.3,1,72,3481,111.7,110.5,1.2,62.8,2.03,28.5,73.6,50.7,13.1,52.8,56,100.77,51.1,"7,302",41,88.7,46.2,12.9,35.1,36.7,17.4,22.1,78.8,9.8,34.9,44.7,25.4,14.8,7.7,5.2,5.1,18.3,18.7,112.3,2021
Miami Heat,MIA,40,32,0.556,108.1,39.2,83.7,46.8,12.9,36.2,35.8,16.7,21.1,79,8,33.5,41.5,26.3,14.1,7.9,4,4,18.9,19.6,0,72,3476,110.6,110.7,-0.1,67.1,1.87,24,73.3,49.1,14.4,54.6,58.1,97.09,50.9,"7,036",39.1,85.2,45.9,14.3,39.1,36.5,15.6,19.9,78.2,9.5,33.4,42.9,25.8,15.1,7.5,4,4,19.6,18.9,108,2021
Milwaukee Bucks,MIL,46,26,0.639,120.1,44.7,91.8,48.7,14.4,37.1,38.9,16.2,21.4,76,10.3,37.8,48.1,25.5,13.8,8.1,4.6,4.8,17.3,18.3,5.9,72,3466,116.5,110.7,5.8,56.9,1.84,26.9,75.5,51.9,13.4,56.6,59.3,102.85,53.3,"7,423",42.4,92.9,45.6,14.8,38.6,38.4,14.6,18.8,78,9.6,33.8,43.4,25.1,13.2,7,4.8,4.6,18.3,17.3,114.2,2021
Minnesota Timberwolves,MIN,23,49,0.319,112.1,40.7,90.9,44.8,13.1,37.6,34.9,17.6,23.1,76.1,10.5,33,43.5,25.6,14.3,8.8,5.5,5.5,20.9,19.9,-5.6,72,3481,109.3,114.5,-5.3,63,1.8,27.1,71.7,48.4,13.9,52,55.5,101.96,46.9,"7,389",43,89.3,48.2,13.1,33.5,39.2,18.5,23.5,78.6,10,35.8,45.8,26.8,15.3,7.6,5.5,5.5,19.9,20.9,117.7,2021
New Orleans Pelicans,NOP,31,41,0.431,114.6,42.5,89.1,47.7,10.6,30.4,34.8,19,26.1,72.9,11.7,35.7,47.4,26,14.6,7.6,4.4,5.9,18,21.3,-0.3,72,3486,113,113.3,-0.3,61.2,1.78,30.2,75.5,52.7,14.4,53.7,57,100.54,50.8,"7,303",41.9,89.3,46.9,14.5,38.1,38,16.6,21.1,79,8.9,32.9,41.8,25.9,13.3,7.7,5.9,4.4,21.3,18,114.9,2021
New York Knicks,NYK,41,31,0.569,107,39.4,86.5,45.6,11.8,30,39.2,16.4,20.9,78.4,9.7,35.5,45.1,21.4,12.9,7,5.1,5.4,20.5,17.9,2.3,72,3486,110.2,107.8,2.4,54.3,1.65,26.4,73.8,50.5,13.3,52.4,55.9,96.32,50.2,"6,994",37.9,86.2,44,12,35.6,33.7,16.9,22.2,76.1,9.7,34.4,44.1,23.6,12.8,6.6,5.4,5.1,17.9,20.5,104.7,2021
Oklahoma City Thunder,OKC,22,50,0.306,105,38.8,88,44.1,11.9,35.1,33.9,15.5,21.3,72.5,9.9,35.7,45.6,22.1,16.1,7,4.4,5.3,18.1,18.6,-10.6,72,3471,102.8,113.4,-10.6,56.8,1.37,25.4,74.2,49.4,15.8,50.9,53.9,101.61,44.2,"7,353",43.4,91.7,47.3,13.6,37.3,36.4,15.3,19.8,77.3,10.1,37,47.1,25.8,13.1,9,5.3,4.4,18.6,18.1,115.6,2021
Orlando Magic,ORL,21,51,0.292,104,38.3,89.2,42.9,10.9,31.8,34.3,16.6,21.4,77.5,10.4,35.1,45.4,21.8,12.8,6.9,4.4,5.3,17.2,18.6,-9.3,72,3466,104.6,113.9,-9.3,57,1.7,25.2,74.4,48.8,12.9,49,52.7,99.17,45,"7,158",42.2,89.7,47.1,13.7,36.8,37.3,15.2,19.3,78.6,9.8,37.6,47.4,26,12.7,7.6,5.3,4.4,18.7,17.2,113.3,2021
Philadelphia 76ers,PHI,49,23,0.681,113.6,41.4,86.9,47.6,11.3,30.1,37.4,19.6,25.5,76.7,10,35,45.1,23.7,14.4,9.1,6.2,4.7,20.2,21,5.6,72,3486,112.5,107,5.5,57.2,1.64,27.7,73.7,51.1,14.3,54.1,57.9,100.12,53.6,"7,272",39.4,86.9,45.3,11.9,33,36,17.4,22.8,76.4,9.8,33.2,42.9,23.5,15.6,7.2,4.7,6.2,21,20.2,108.1,2021
Phoenix Suns,PHX,51,21,0.708,115.3,43.3,88.3,49,13.1,34.6,37.8,15.6,18.7,83.4,8.8,34.2,42.9,26.9,12.5,7.2,4.3,3.6,19.1,18,5.8,72,3496,116.3,110.4,5.9,62.2,2.15,24.8,74.1,50,12.6,56.4,59.7,98,53.4,"7,137",40.5,86.8,46.7,11.6,32.8,35.4,16.8,21.7,77.8,9.4,33.3,42.7,22.9,13.6,6.9,3.6,4.3,18,19.1,109.5,2021
Portland Trail Blazers,POR,42,30,0.583,116.1,41.3,91.1,45.3,15.7,40.8,38.5,17.8,21.6,82.3,10.6,33.9,44.5,21.3,11.1,6.9,5,4.6,18.9,19.1,1.8,72,3461,117.1,115.3,1.8,51.5,1.92,27.3,73.1,49.5,11.2,54,57.7,98.97,49.3,"7,137",41.8,88.3,47.3,12.9,34.6,37.2,17.9,22.8,78.7,9.9,35.5,45.4,24.9,12.4,6.1,4.6,5,19.1,18.9,114.3,2021
Sacramento Kings,SAC,31,41,0.431,113.7,42.6,88.6,48.1,12.1,33.3,36.4,16.4,22,74.5,9.4,32,41.4,25.5,13.4,7.5,5,4.7,19.4,18.7,-3.7,72,3461,112.7,116.5,-3.8,59.9,1.91,25.3,71.3,48.2,13.3,54.9,57.8,100.71,48.1,"7,266",43.6,89.4,48.8,12.4,32.6,38,17.8,22.7,78.7,10.7,34.6,45.2,25.3,13.7,7.6,4.7,5,18.7,19.4,117.4,2021
San Antonio Spurs,SAS,33,39,0.458,111.1,41.9,90.5,46.2,9.9,28.4,35,17.4,22,79.2,9.3,34.6,43.9,24.4,11.4,7,5.1,5.1,18,18.6,-1.7,72,3496,110.5,112,-1.5,58.4,2.14,24.3,73.3,48.5,11.3,51.7,55.4,99.45,49.3,"7,236",42.4,89.8,47.2,12.3,32.6,37.7,15.7,20.7,75.8,10.2,37.2,47.4,24.8,13.2,6.3,5.1,5.1,18.6,18,112.8,2021
Toronto Raptors,TOR,27,45,0.375,111.3,39.7,88.7,44.8,14.5,39.3,36.8,17.4,21.3,81.5,9.4,32.1,41.6,24.1,13.2,8.6,5.4,5.6,21.2,19.5,-0.5,72,3461,111.6,112,-0.4,60.7,1.82,25.6,71.6,47.9,13.3,52.9,56.7,99.57,48.6,"7,177",39,84.7,46.1,13.9,36.7,37.9,19.8,24.8,79.9,10,35.9,45.9,26,16.1,6.6,5.6,5.4,19.5,21.2,111.7,2021
Utah Jazz,UTA,52,20,0.722,116.4,41.3,88.1,46.8,16.7,43,38.9,17.2,21.5,79.9,10.6,37.6,48.3,23.7,14.2,6.6,5.2,3.9,18.5,19,9.3,72,3471,116.5,107.5,9,57.3,1.66,28.4,75.7,52.9,14.2,56.3,59.7,99.37,54.2,"7,193",40.9,91.4,44.7,10.9,31.8,34.1,14.5,18.9,76.8,9.8,32.8,42.6,22.3,11.5,7.7,3.9,5.2,19,18.5,107.2,2021
Washington Wizards,WAS,34,38,0.472,116.6,43.2,90.9,47.5,10.2,29,35.1,20.1,26.2,76.9,9.7,35.5,45.2,25.5,14.4,7.3,4.1,4.8,21.6,22,-1.8,72,3481,110.7,112.3,-1.6,59,1.77,25,73.6,49.4,13.7,53.1,56.9,104.67,49.6,"7,585",43.1,91.6,47.1,12.4,33.7,36.9,19.8,25.4,78.1,10.3,35.8,46.1,24.5,14.7,8.2,4.8,4.1,22,21.6,118.5,2021
Atlanta Hawks,ATL,20,47,0.299,111.8,40.6,90.6,44.9,12,36.1,33.3,18.5,23.4,79,9.9,33.4,43.3,24,16.2,7.8,5.1,6.4,23.1,21,-8,67,3256,107,114.4,-7.4,58.9,1.48,26.7,70.8,48.4,15.5,51.5,55.4,103.28,45.4,"6,999",38.9,94,41.4,14,39.3,35.5,16.7,21.2,78.7,9.5,36.3,45.8,24.2,14.1,7.4,4.5,5.9,21.7,19.6,108.6,2020
Boston Celtics,BOS,48,24,0.667,113.7,41.3,89.6,46.1,12.6,34.5,36.4,18.6,23.2,80.1,10.7,35.4,46.1,23,13.8,8.3,5.6,5.5,21.6,20.7,6.3,72,3486,112.8,106.5,6.3,55.7,1.66,28.3,73.1,50.9,13.7,53.1,57,99.92,53.1,"7,255",37.8,88.3,42.8,13.1,38.9,33.7,17.8,23.2,76.9,10.9,35.1,46.1,25.6,16.8,7.2,5.5,5,20.4,21.7,106.5,2020
Brooklyn Nets,BKN,35,37,0.486,111.8,40.4,90.3,44.8,13.1,38.1,34.3,17.9,24.1,74.5,10.6,37.3,47.9,24.5,15.3,6.4,4.5,5.3,21,21.1,-0.6,72,3496,108.7,109.2,-0.5,60.6,1.6,28,73.6,51.1,14.8,52,55.4,101.7,50,"7,404",39.1,87.1,44.8,11.6,33.4,34.9,17.9,22.9,78.1,9.4,32.9,42.3,23.4,15.9,8.2,3.7,6.6,21.7,20.7,107.6,2020
Charlotte Hornets,CHA,23,42,0.354,102.9,37.3,85.9,43.4,12.1,34.3,35.2,16.2,21.6,74.8,11,31.8,42.8,23.8,14.6,6.6,4.1,5,18.8,20.6,-6.8,65,3150,105.9,112.8,-7,63.9,1.63,28,70.6,48.6,15,50.4,53.9,96.24,45.5,"6,317",39.5,90.2,43.8,12.3,35.6,34.5,18.5,24.5,75.6,10.7,34.6,45.3,23.7,14.1,7.5,4.7,4.7,22.9,22.1,109.9,2020
Chicago Bulls,CHI,22,43,0.338,106.8,39.6,88.6,44.7,12.2,35.1,34.8,15.5,20.5,75.5,10.5,31.4,41.9,23.2,15.5,10,4.1,5.9,21.8,19.2,-3.1,65,3135,105.8,108.9,-3.1,58.7,1.5,26.7,71.9,48.1,15.3,51.5,54.7,100.46,46.6,"6,563",38.4,87.1,44.1,11.8,34.8,34,18.8,24.5,76.7,10.3,34,44.3,22.4,15.2,7.1,5.5,5.6,20.7,21.6,107.3,2020
Cleveland Cavaliers,CLE,19,46,0.292,106.9,40.3,87.9,45.8,11.2,31.8,35.1,15.1,19.9,75.8,10.8,33.4,44.2,23.1,16.5,6.9,3.2,6.3,18.3,19.6,-7.9,65,3145,106.9,114.8,-7.9,57.3,1.4,29.6,73.8,51.2,16.5,52.2,55.3,99.17,45.3,"6,497",40,86.5,46.3,12.1,33.9,35.8,17.1,22.5,75.9,10.1,32.6,42.6,25.4,14.3,7.2,4.4,4.6,20.5,20.3,109.2,2020
Dallas Mavericks,DAL,43,32,0.573,117,41.7,90.3,46.1,15.1,41.3,36.7,18.6,23.8,77.9,10.5,36.4,46.9,24.7,12.7,6.1,4.8,4.1,19.5,21.3,4.9,75,3635,115.9,111.2,4.8,59.2,1.94,27.5,74,50.9,12.6,54.5,58.1,99.89,52.1,"7,569",39.5,88.5,44.6,11.5,33.6,34.1,17,21.6,78.8,10.4,34.9,45.2,23.1,14.7,6.9,4.6,5.2,18.8,19.8,107.5,2020
Denver Nuggets,DEN,46,27,0.63,111.3,42,88.9,47.3,11,30.6,35.9,16.2,20.9,77.7,10.8,33.4,44.1,26.7,13.8,8,4.6,4.4,20.3,20.5,2.1,73,3549,112.6,110.4,2.2,63.6,1.94,29.4,72.5,50.9,13.9,53.5,56.7,97.64,51.7,"7,217",42.3,91.5,46.2,12.2,35,34.9,18,23.7,76.1,11.2,36.7,47.9,25.3,16.2,8,4.9,5.2,21,21.8,114.8,2020
Detroit Pistons,DET,20,46,0.303,107.2,39.3,85.7,45.9,12,32.7,36.7,16.6,22.4,74.3,9.8,32,41.7,24.1,15.3,7.4,4.5,5.6,19.7,19.8,-3.6,66,3193,108.8,112.3,-3.5,61.2,1.58,27.7,71.7,49.3,15.5,52.9,56.1,97.86,47.3,"6,507",38.8,86.7,44.8,13.1,37.7,34.7,18.4,23.6,78.3,9.2,33.3,42.5,24.6,14,7.5,4.1,4.5,21.7,20.6,109.1,2020
Golden State Warriors,GSW,15,50,0.231,106.3,38.6,88.2,43.8,10.4,31.3,33.4,18.7,23.2,80.3,10,32.9,42.8,25.6,14.9,8.2,4.6,4.9,20.1,20.1,-8.7,65,3145,104.4,113,-8.6,66.3,1.72,25.5,72.2,48.1,14.6,49.7,54,101.04,46.2,"6,623",40.8,89.6,45.5,11.3,33.3,34,15.5,19.6,79.5,10.5,34.3,44.8,23,14.2,7,4,4.9,22.8,19.3,108.4,2020
Houston Rockets,HOU,44,28,0.611,117.8,40.8,90.4,45.1,15.6,45.3,34.5,20.6,26.1,79.1,9.8,34.5,44.3,21.6,14.7,8.7,5.2,4.9,21.8,21,3,72,3476,112.5,109.8,2.7,53,1.47,24.9,71.3,48,14,53.7,57.8,104.04,49.4,"7,539",40.7,89.1,45.7,11,31,35.3,16.5,21.5,76.7,9.6,33.1,42.7,21.5,12.3,7.9,4.6,4.1,20.8,20.4,108.8,2020
Indiana Pacers,IND,45,28,0.616,109.4,42.1,88.5,47.6,10.2,28,36.3,15,19.1,78.7,8.7,34.1,42.8,25.9,13.2,7.4,5.2,4.6,19.8,18.8,2,73,3524,109.5,107.5,1.9,61.4,1.95,24.3,71.8,48.7,13.2,53.4,56.5,99.41,52,"7,299",41.9,91.6,45.8,12.3,34.9,35.1,16,21,76,10.4,35,45.4,23.9,11.9,7,4.1,4.8,21.3,19.5,112.1,2020
LA Clippers,LAC,49,23,0.681,116.3,41.6,89.2,46.6,12.4,33.5,37.1,20.8,26.3,79.1,10.7,37,47.7,23.7,14.6,7.1,4.7,4.7,22.1,22.9,6.4,72,3476,113.3,106.9,6.3,57.1,1.63,27.8,73.7,51.5,14.2,53.5,57.7,102.16,53.2,"7,396",39.8,86,46.3,10.4,29.4,35.3,18.4,24.5,75.1,8.6,33.2,41.8,22.8,13.8,7,4,5.3,20.5,20.9,108.4,2020
Los Angeles Lakers,LAL,52,19,0.732,113.4,42.3,88.3,48,11,31.6,34.9,17.7,24.3,72.9,10.7,35.1,45.7,25.4,15.2,8.6,6.6,3.7,20.7,21.7,5.8,71,3418,111.7,106.1,5.6,60,1.67,28.3,73.7,51.2,14.9,54.2,57.3,101.2,53.9,"7,211",41.4,92.9,44.6,12.2,34.8,35,17.4,22.6,76.9,10.6,35.3,45.9,22.6,12.8,7.7,5.3,4.5,21.1,21,112.3,2020
Memphis Grizzlies,MEM,34,39,0.466,112.6,42.5,90.9,46.8,10.9,31.5,34.7,16.6,21.8,76.3,10.3,36.2,46.5,26.9,15.2,7.9,5.5,5.3,21.2,20.2,-1.1,73,3514,108.7,109.7,-1,63.3,1.77,27.1,73.3,50.6,14.7,52.8,56.1,103.31,50.7,"7,562",41.8,91.6,45.6,13.6,35.4,38.3,19.1,24.7,77.1,11.5,35.4,46.9,24.9,12.9,6.8,4.9,6.1,20.1,21.7,116.1,2020
Miami Heat,MIA,44,29,0.603,112,39.5,84.4,46.8,13.4,35.4,37.9,19.7,25.2,78.3,8.5,35.9,44.4,25.9,14.9,7.5,4.5,4.1,20.6,21.7,2.9,73,3549,111.9,109.3,2.7,65.7,1.74,25.7,75.3,51.2,14.9,54.7,58.7,98.7,52.5,"7,306",40.6,90.3,45,12.9,35.3,36.5,19.6,25,78.2,10.4,34.5,44.9,24.8,14.8,8,5.3,5.5,20.2,21.2,113.7,2020
Milwaukee Bucks,MIL,56,17,0.767,118.7,43.3,90.9,47.6,13.8,38.9,35.5,18.3,24.7,74.2,9.5,42.2,51.7,25.9,15.1,7.2,5.9,4.5,19.6,21.7,10.1,73,3519,111.9,102.5,9.4,59.8,1.71,24.1,77.5,52.4,14.2,55.2,58.3,105.51,56.2,"7,739",41.2,87.4,47.2,11.6,32,36.3,19.3,24.5,78.8,9.1,34.2,43.3,23.6,15.6,7.9,5.5,4,22.6,22,113.4,2020
Minnesota Timberwolves,MIN,19,45,0.297,113.3,40.4,91.6,44.1,13.3,39.7,33.6,19.1,25.4,75.3,10.5,34.3,44.8,23.8,15.3,8.7,5.7,5.5,21.4,21.6,-4.3,64,3112,107.6,111.6,-4,59,1.55,26.4,73.1,48.8,14.6,51.4,55.1,103.94,47.2,"6,736",40.4,86.9,46.5,12.2,33.6,36.4,15.3,19.8,77.1,9,35.8,44.9,24.7,14.6,7,4.6,5.4,19.5,18.3,108.3,2020
New Orleans Pelicans,NOP,30,42,0.417,115.8,42.6,91.6,46.5,13.6,36.9,37,17.1,23.4,72.9,11.1,35.4,46.5,26.8,16.4,7.5,5,4.8,21.2,21.1,-1.3,72,3486,110.5,111.8,-1.3,63,1.64,28.7,72.9,50.8,15.6,53.9,56.8,103.89,49.5,"7,548",42.3,90.2,46.9,13.1,35.1,37.3,17.4,22.5,77.7,9.4,35.9,45.3,25.7,13.2,6.8,4.3,5.5,20.1,19.4,115.2,2020
New York Knicks,NYK,21,45,0.318,105.8,40,89.3,44.7,9.6,28.4,33.7,16.3,23.5,69.4,12,34.5,46.5,22.1,14.3,7.6,4.7,5,22.2,19.8,-6.5,66,3193,105.9,112.4,-6.5,55.2,1.54,30,74.2,51.3,14.3,50.1,53.1,99.11,46.1,"6,594",40.3,85.5,47.1,12.4,34.8,35.7,19.2,24.3,79,9.1,34.5,43.5,24.9,15.2,7.7,4.2,4.1,19.5,22.2,112.1,2020
Oklahoma City Thunder,OKC,44,28,0.611,110.4,40,85.5,46.8,10.7,30.2,35.5,19.8,24.8,79.6,8.2,34.7,42.9,21.7,13.7,7.6,4.9,4,19.3,22.8,2,72,3486,110.1,108.1,2.1,54.3,1.58,24.1,72.8,49.2,13.7,53,57.3,99.42,51.9,"7,218",42.7,91.8,46.5,12.2,33.9,36.1,19.4,24.7,78.9,10.1,34.7,44.8,24.5,14.5,8.5,4.8,5,21.1,21.2,117.1,2020
Orlando Magic,ORL,33,40,0.452,107.3,39.3,88.6,44.4,11.1,32.2,34.3,17.6,22.7,77.4,10.3,34.2,44.5,23.9,12.8,8.2,5.4,4.6,18.3,19.5,-1,73,3514,107.9,109.2,-1.3,60.8,1.86,26.7,74.9,50,12.9,50.6,54.4,98.99,49.6,"7,255",43.1,88.4,48.8,12.4,33.1,37.6,20.4,26.3,77.8,10.5,35.7,46.2,25.2,16.2,7.5,5,4.3,22.2,22.7,119.1,2020
Philadelphia 76ers,PHI,43,30,0.589,110.7,41.1,87.9,46.8,11.6,31.6,36.8,16.9,22.4,75.5,10.5,35,45.4,25.8,14.2,8,5.3,4,20.9,20.5,2.4,73,3519,110.7,108.4,2.3,62.8,1.82,28.1,75.3,51.6,14.2,53.4,56.6,99.59,52.3,"7,304",41.7,87.5,47.6,12.4,35.1,35.2,14,18.4,75.8,10.9,35,46,26.6,14.4,8,5,4.1,20.6,18.8,109.6,2020
Phoenix Suns,PHX,34,39,0.466,113.6,41.2,88.1,46.8,11.4,31.8,35.8,19.9,23.8,83.4,9.8,33.8,43.5,27.2,14.8,7.7,4,5.5,22,22.6,0.2,73,3519,111.3,110.8,0.5,66.1,1.84,26.1,73.4,49.8,14.5,53.2,57.6,101.74,51.2,"7,449",39.5,82.5,47.9,11.2,31.6,35.3,19.7,26,75.9,10.2,35.4,45.5,25.4,18.3,8.2,5.9,4.1,19.2,21.8,109.9,2020
Portland Trail Blazers,POR,35,39,0.473,115,42.2,91.2,46.3,12.9,34.1,37.7,17.7,22.1,80.4,10.2,35.1,45.3,20.6,12.8,6.3,6.1,4.9,21.7,20.1,-1.1,74,3567,113.2,114.3,-1.1,48.8,1.61,26.6,71.2,49.2,12.6,53.3,57,101.17,48.6,"7,519",39.9,86,46.3,13.3,34.9,38.1,19.2,25.7,74.9,9.6,34.6,44.2,24.3,13.7,7.2,5,4.7,19.8,22.2,112.3,2020
Sacramento Kings,SAC,31,41,0.431,110.1,40.9,88.4,46.2,12.7,34.9,36.4,15.7,20.3,77,9.7,32.9,42.6,23.8,14.5,7.7,4.1,4.2,22.2,19.5,-2,72,3491,109.5,111.4,-1.9,58.2,1.64,25.8,73.6,49.2,14.4,53.4,56.6,99.6,47.9,"7,239",43.3,90.7,47.8,11.9,32.7,36.3,21.2,27.4,77.2,11.2,35.9,47,25,15,9,6.4,5.1,21,23.1,119.7,2020
San Antonio Spurs,SAS,32,39,0.451,114.1,42.2,89.4,47.2,10.7,28.5,37.6,19,23.4,81,9,35.6,44.6,24.7,12.6,7.3,5.5,4.3,19.4,20.1,-1.1,71,3443,111.7,112.6,-0.9,58.5,1.96,23.3,75.1,49.5,12.3,53.1,57.2,101.14,50.2,"7,249",41.9,87.3,48,10.7,29.6,36.1,16.2,20.9,77.7,10.1,33.4,43.5,24.6,14,8.2,5.6,4.5,19.8,19.7,110.8,2020
Toronto Raptors,TOR,53,19,0.736,112.8,40.2,87.9,45.8,13.8,37,37.4,18.5,23.2,79.6,9.5,35.9,45.4,25.2,14.8,8.8,5,5.5,21.7,20.4,6.2,72,3476,110.8,104.7,6.1,62.7,1.7,25.6,72.1,49.6,14.6,53.6,57.4,101.19,53,"7,328",43.9,89.4,49.1,12.4,33,37.5,14.7,19.2,76.7,9.7,33.1,42.9,26.1,13,9.4,6.3,3.2,19.6,18.3,114.8,2020
Utah Jazz,UTA,44,28,0.611,111.3,40.1,85.1,47.1,13.4,35.2,38,17.8,22.8,77.9,9.1,35.8,44.9,22.4,15.1,6.1,4.1,4.6,20.4,20.8,2.5,72,3471,111.8,109.3,2.5,56,1.48,26.1,74.6,51.2,15.2,54.9,58.5,99.15,51.3,"7,169",43.1,90.4,47.7,11.6,31.9,36.3,19.7,25.2,78.3,10.1,37.2,47.3,24.4,15.5,7.8,5.5,5.7,21.6,21.4,117.5,2020
Washington Wizards,WAS,25,47,0.347,114.4,41.5,90.9,45.7,12,32.6,36.8,19.4,24.6,78.8,10.2,31.9,42,25,14.2,8,4.3,5,22.7,22.2,-4.7,72,3471,110.2,114.7,-4.5,60.2,1.77,26.2,71.2,47.8,13.6,52.3,56.2,103.38,47.3,"7,475",42.2,88.6,47.6,13.5,34.8,38.9,17.1,21.9,78.3,10.2,36.3,46.5,26.1,15.6,8.2,4.9,4.6,20.1,20.1,115,2020
Atlanta Hawks,ATL,29,53,0.354,113.3,41.4,91.8,45.1,13,37,35.2,17.6,23.4,75.2,11.6,34.5,46.1,25.8,17,8.2,5.1,5.5,23.6,22.2,-6,82,3971,107.5,113.1,-5.5,62.4,1.52,28.4,71.8,49.6,16.2,52.2,55.5,104.56,46.4,"8,642",42.8,90.5,47.3,12.4,34.4,35.9,21.5,28.3,75.8,10.6,35.4,46,26.9,15,9.9,5.5,5.1,22.2,23.6,119.4,2019
Boston Celtics,BOS,49,33,0.598,112.4,42.1,90.5,46.5,12.6,34.5,36.5,15.6,19.5,80.2,9.8,34.7,44.5,26.3,12.8,8.6,5.3,3.9,20.4,19.5,4.4,82,3956,111.3,107,4.3,62.4,2.05,25.7,72.8,49.5,12.7,53.4,56.7,100.43,53,"8,282",39.5,88.1,44.8,11.5,33.5,34.4,17.4,22.8,76.4,10.4,35.5,45.9,23.7,15.1,6.8,3.9,5.3,19.5,20.4,108,2019
Brooklyn Nets,BKN,42,40,0.512,112.2,40.3,89.7,44.9,12.8,36.2,35.3,19,25.5,74.5,11,35.6,46.6,23.8,15.1,6.6,4.1,5.3,21.5,22,-0.1,82,3996,108.9,109,-0.1,59.2,1.58,28.2,72,50.1,14.6,52,55.6,101.52,49.2,"8,452",42.2,92.5,45.6,10.3,30.3,34.1,17.6,22.8,77,11,35.2,46.2,23.7,13.5,7.8,5.3,4.1,22,21.5,112.3,2019
Charlotte Hornets,CHA,39,43,0.476,110.7,40.2,89.8,44.8,11.9,33.9,35.1,18.4,23.1,79.7,9.9,33.9,43.8,23.2,12.2,7.2,4.9,6,18.9,20.6,-1.1,82,3966,110.7,112,-1.3,57.8,1.9,26.8,73.1,49.5,12.2,51.4,55.4,99.18,48.6,"8,202",41.9,89.2,47,12.1,33.5,36.1,15.9,20.2,78.7,10.1,35.7,45.8,26,13.5,6.9,6,4.9,20.6,18.9,111.8,2019
Chicago Bulls,CHI,22,60,0.268,104.9,39.8,87.9,45.3,9.1,25.9,35.1,16.2,20.7,78.3,8.8,34.1,42.9,21.9,14.1,7.4,4.3,5.8,20.3,18.7,-8.4,82,3981,104.5,112.8,-8.3,55,1.55,24.2,72.7,48.3,14.1,50.5,54.1,99.3,45.3,"8,232",42.2,89.2,47.3,12.1,33,36.5,16.8,22,76.3,10,36.4,46.4,25.5,13.3,7.3,5.8,4.3,18.7,20.3,113.4,2019
Cleveland Cavaliers,CLE,19,63,0.232,104.5,38.9,87.6,44.4,10.3,29.1,35.5,16.4,20.7,79.2,10.7,31.9,42.7,20.7,13.5,6.5,2.4,5.6,20,19.4,-9.6,82,3951,106.8,116.8,-10,53.2,1.54,28.2,73.2,49.6,13.8,50.3,54,97.37,43.6,"8,021",43.2,87.2,49.5,12,31.6,38,15.8,20.5,77,9.5,34.6,44.1,25.7,12.5,6.9,5.6,2.4,19.4,20,114.1,2019
Dallas Mavericks,DAL,33,49,0.402,108.9,38.8,86.9,44.7,12.5,36.6,34,18.8,25.3,74.2,10.1,35.2,45.3,23.4,14.2,6.5,4.3,4.5,20.1,23.2,-1.3,82,3956,108.7,110.1,-1.5,60.3,1.64,27.3,73.4,50.3,14.2,51.9,55.5,99.6,49.2,"8,216",40.9,89.2,45.9,11.2,32.5,34.4,17.1,22,77.7,10.2,34.6,44.8,24.5,13,7.8,4.5,4.3,23.2,20.1,110.1,2019
Denver Nuggets,DEN,54,28,0.659,110.7,41.9,90,46.6,11,31.4,35.1,15.8,20.9,75.5,11.9,34.5,46.4,27.4,13.4,7.7,4.4,5,20,20.4,4,82,3946,112.1,108.1,4,65.3,2.04,30.8,74.4,52.4,13.6,52.7,55.8,98.49,52.4,"8,096",39.6,86.4,45.8,10.8,31.9,33.9,16.7,22.2,75.3,9.7,32.7,42.5,24.6,13.5,7.4,5,4.4,20.4,20,106.7,2019
Detroit Pistons,DET,41,41,0.5,107,38.8,88.3,44,12.1,34.8,34.8,17.3,23.1,74.7,11.4,33.6,45,22.5,13.8,6.9,4,5.1,22.1,21.3,-0.2,82,3971,108.4,108.7,-0.3,57.9,1.63,29.1,74.5,50.9,14,50.9,54.4,97.88,48.2,"8,101",39.9,85,46.9,9.6,27.8,34.5,17.9,23.7,75.5,9.1,34.6,43.7,23.7,14.1,6.9,5.1,4,21.3,22.1,107.3,2019
Golden State Warriors,GSW,57,25,0.695,117.7,44,89.8,49.1,13.3,34.4,38.5,16.3,20.4,80.1,9.7,36.5,46.2,29.4,14.3,7.6,6.4,3.6,21.4,19.5,6.5,82,3961,115,108.6,6.5,66.8,2.06,25.7,72.7,50.5,13.9,56.5,59.6,101.74,54.6,"8,390",40.4,91.1,44.4,11.6,33.6,34.7,18.7,24.2,77.3,10.8,33.5,44.3,24.3,13.5,7.7,3.6,6.4,19.5,21.4,111.2,2019
Houston Rockets,HOU,53,29,0.646,113.9,39.2,87.4,44.9,16.1,45.4,35.6,19.3,24.4,79.1,10.2,31.9,42.1,21.2,13.3,8.5,4.9,4.5,22,20,4.8,82,3966,114.9,110.1,4.8,54.1,1.59,26.9,70,48.1,13.5,54.2,58.1,98.39,49.8,"8,130",40.4,86.7,46.6,10.1,29.8,34,18.2,23.7,76.8,11,34.5,45.4,23.5,15,7.4,4.5,4.9,20,22,109.1,2019
Indiana Pacers,IND,48,34,0.585,108,41.3,87,47.5,9.5,25.4,37.4,15.8,21.1,75.2,9.3,33.7,43,26,13.7,8.7,4.9,5.2,19.4,20,3.3,82,3941,109.4,106,3.4,62.8,1.9,26.9,72.2,49.9,13.9,53,56.1,98.64,52.7,"8,097",38.7,86.1,45,11.4,32.1,35.4,15.8,21,75.6,10.5,33.1,43.7,24.5,15.7,7.4,5.2,4.9,20,19.4,104.7,2019
LA Clippers,LAC,48,34,0.585,115.1,41.3,87.5,47.1,10,25.8,38.8,22.6,28.5,79.2,9.7,35.8,45.5,24,14.5,6.8,4.7,6.1,23.3,24,0.9,82,3966,111.4,110.4,1,58.2,1.65,26.3,72.2,50,14.1,52.9,57.5,102.66,50.5,"8,475",41.7,91.3,45.7,10.4,30.2,34.3,20.5,26.3,77.7,11.3,34.5,45.7,24.1,13.2,8.3,6.1,4.7,24,23.3,114.3,2019
Los Angeles Lakers,LAL,37,45,0.451,111.8,42.6,90.5,47,10.3,31,33.3,16.3,23.3,69.9,10.2,36.4,46.6,25.6,15.7,7.5,5.4,5.1,20.7,20.8,-1.7,82,3956,107.4,108.9,-1.6,60,1.63,27,72.5,50.2,15,52.7,55.4,103.6,49.5,"8,534",41.9,92.8,45.2,11.8,34,34.9,17.8,22.7,78.4,11.3,35.6,46.9,25,14.2,8.3,5.1,5.4,20.8,20.7,113.5,2019
Memphis Grizzlies,MEM,33,49,0.402,103.5,38,84.4,45,9.9,28.9,34.2,17.7,23,77.2,8.8,33,41.8,23.9,14,8.3,5.5,4.9,22,21.4,-2.6,82,3976,105.6,108,-2.4,63.1,1.71,24.7,72.4,48.4,14.3,50.8,54.8,97.15,49,"8,038",37.6,83.4,45.1,11.6,32.2,36,19.3,24.7,78.4,9.5,35.2,44.7,23.4,15.2,7.6,4.9,5.5,21.4,22,106.1,2019
Miami Heat,MIA,39,43,0.476,105.7,39.6,88,45,11.3,32.4,34.9,15.1,21.7,69.5,11.2,35.1,46.3,24.3,14.7,7.6,5.5,4.7,20.9,20.1,-0.2,82,3946,106.7,107.1,-0.4,61.2,1.65,29.1,73.1,50.9,14.9,51.5,54.2,98.73,50.1,"8,122",38.3,86.8,44.1,11.9,33.1,35.8,17.5,22.7,76.9,10.1,34,44.2,23.3,14.1,7.5,4.7,5.5,20.1,20.9,105.9,2019
Milwaukee Bucks,MIL,60,22,0.732,118.1,43.4,91.1,47.6,13.5,38.2,35.3,17.9,23.2,77.3,9.3,40.4,49.7,26,13.9,7.5,5.9,4.8,19.6,20.2,8.9,82,3956,113.5,104.9,8.6,60.1,1.88,25,75.7,51.6,13.3,55,58.3,103.57,55.3,"8,533",40.5,93.5,43.3,13.1,36.3,36.1,15.1,20.7,73.3,9.9,35.4,45.3,24.8,13.4,6.8,4.8,5.9,20.2,19.6,109.3,2019
Minnesota Timberwolves,MIN,36,46,0.439,112.5,41.6,91.3,45.6,10.1,28.7,35.1,19.1,24.3,78.7,11.3,33.5,44.8,24.6,13.1,8.3,5,5.5,20.3,21.9,-1.5,82,3966,110.6,112.2,-1.6,59.1,1.88,29.2,70.9,49.7,12.9,51.1,55.2,100.88,49.8,"8,341",42.1,90.1,46.7,12.7,33.6,37.8,17.1,22.3,76.7,11.2,34.4,45.6,26.2,14.7,6.6,5.5,5,21.9,20.3,114,2019
New Orleans Pelicans,NOP,33,49,0.402,115.4,43.7,92.2,47.3,10.3,29.9,34.4,17.8,23.4,76.1,11.1,36.2,47.3,27,14.8,7.4,5.4,5.4,21.1,21,-1.3,82,3951,110.7,112,-1.3,61.9,1.82,28.5,72.9,50.9,14.2,52.9,56.3,103.89,49.8,"8,553",43.3,92.8,46.6,12.3,33.7,36.4,17.9,23.5,76.4,11,34.8,45.8,26.5,13.6,8.6,5.4,5.4,21,21.1,116.8,2019
New York Knicks,NYK,17,65,0.207,104.6,38.2,88.3,43.3,10,29.5,34,18.1,23.9,75.9,10.5,34.3,44.7,20.1,14,6.8,5.1,5.6,20.9,20.8,-9.2,82,3956,104,112.9,-8.9,52.5,1.43,26.4,71.7,48.6,14,49,52.9,100.16,44.2,"8,244",41.9,89.7,46.7,11.8,32.6,36.3,18.2,23.8,76.6,10.7,36.8,47.5,25.6,13.2,7.4,5.6,5.1,20.8,20.9,113.8,2019
Oklahoma City Thunder,OKC,49,33,0.598,114.5,42.6,94,45.4,11.4,32.6,34.8,17.8,25,71.3,12.6,35.5,48.1,23.4,14,9.3,5.2,5.1,22.4,22.5,3.4,82,3971,109.8,106.5,3.4,54.8,1.67,29.8,73.8,50.9,13.4,51.4,54.5,103.38,50.6,"8,549",40.8,88.7,46,11.2,31.6,35.6,18.3,24,76.1,9.9,35.8,45.7,24.9,16.7,8.2,5.1,5.2,22.5,22.4,111.1,2019
Orlando Magic,ORL,42,40,0.512,107.3,40.4,89.1,45.4,11.4,32.1,35.6,15,19.2,78.2,10,35.4,45.4,25.5,13.2,6.6,5.4,4.4,18.6,18.7,0.7,82,3956,108.2,107.6,0.6,63.2,1.94,25.9,75.4,50.4,13.3,51.8,55,98.65,50.8,"8,133",39.9,87.6,45.6,10.5,30.2,34.7,16.3,20.9,77.8,9,35.6,44.6,23.1,13,7,4.4,5.4,18.7,18.6,106.6,2019
Philadelphia 76ers,PHI,51,31,0.622,115.2,41.5,88.2,47.1,10.8,30.2,35.9,21.2,27.5,77.1,10.9,36.9,47.8,26.9,14.9,7.4,5.3,4.1,21.3,22.1,2.7,82,3961,111.6,109,2.6,64.8,1.8,27.8,74.1,51.7,14.4,53.2,57.4,102.59,52.9,"8,467",41.7,91.5,45.5,10.3,30,34.2,18.8,24.5,76.8,10,33.5,43.5,23.4,12.7,7.7,4.1,5.3,22.1,21.3,112.5,2019
Phoenix Suns,PHX,19,63,0.232,107.5,40.1,87.4,45.9,9.6,29.3,32.9,17.6,22.7,77.9,9.1,31.3,40.4,23.9,15.6,9,5.1,5,23.6,20.7,-9.3,82,3976,105.3,114.2,-8.9,59.5,1.53,24.7,68.3,46.4,15.3,51.4,55.2,101.15,45,"8,371",42.5,88.2,48.2,11.1,29.9,37.2,20.8,27.6,75.3,11.8,35.3,47.2,25.9,15.7,9,5,5.1,20.7,23.6,116.8,2019
Portland Trail Blazers,POR,53,29,0.646,114.7,42.3,90.6,46.7,11,30.7,35.9,19,23.3,81.4,11.8,36.2,48,23,13.8,6.7,5,5.1,20.4,20.7,4.2,82,3971,113.7,109.5,4.2,54.4,1.66,30.8,73.9,52.6,13.7,52.8,56.8,99.96,52.1,"8,269",41.1,90,45.7,10.7,29.8,35.9,17.5,22.8,77,10.3,32.6,42.8,23.2,12.4,7.4,5.1,5,20.7,20.4,110.5,2019
Sacramento Kings,SAC,39,43,0.476,114.2,43.2,93.1,46.4,11.3,29.9,37.8,16.5,22.7,72.6,11,34.4,45.4,25.4,13.4,8.3,4.4,5.1,21.4,21.4,-1.1,82,3946,109.6,110.8,-1.2,58.8,1.9,26.8,71.3,48.7,12.8,52.4,55.4,103.88,49.5,"8,545",42.3,90.6,46.6,12,34.6,34.8,18.8,24.4,77,11.2,36.8,48,24.7,15.9,7.5,5.1,4.4,21.4,21.4,115.3,2019
San Antonio Spurs,SAS,48,34,0.585,111.7,42.3,88.4,47.8,9.9,25.3,39.2,17.2,21,81.9,9.2,35.5,44.7,24.5,12.1,6.1,4.7,4,18.1,19.6,1.7,82,3961,112.2,110.6,1.6,58,2.03,24.6,74.4,50.1,12.2,53.4,57.2,98.88,51.6,"8,162",41.5,89.7,46.3,11.7,32.7,35.9,15.2,20.2,75.5,9.2,34.7,43.9,24.7,12.2,7.2,4,4.7,19.6,18.1,110,2019
Toronto Raptors,TOR,58,24,0.707,114.4,42.2,89.1,47.4,12.4,33.8,36.6,17.7,22,80.4,9.6,35.6,45.2,25.4,14,8.3,5.3,4.5,21,20.5,6.1,82,3976,112.6,106.8,5.8,60.3,1.81,26.5,72.6,50.2,13.8,54.3,57.9,100.51,53.3,"8,334",40.3,89.7,44.9,10.8,31.2,34.5,17.1,22.3,76.5,10.6,34.2,44.8,24.5,14.9,7.6,4.5,5.3,20.5,21,108.4,2019
Utah Jazz,UTA,50,32,0.61,111.7,40.4,86.4,46.8,12.1,34,35.6,18.8,25.5,73.6,10,36.4,46.4,26,15.1,8.1,5.9,4.6,21.1,22.4,5.3,82,3951,110.3,105.3,5,64.4,1.72,27.5,75.9,52.2,14.9,53.8,57.2,100.84,53.9,"8,308",40,88.5,45.2,9.8,27.7,35.5,16.7,22.2,75.3,8.9,33.7,42.6,21.6,13.9,8.5,4.6,5.9,22.4,21.1,106.5,2019
Washington Wizards,WAS,32,50,0.39,114,42.1,90.1,46.8,11.3,33.3,34.1,18.4,23.9,76.8,9.7,32.7,42.4,26.3,14.1,8.3,4.6,4.6,20.7,21.2,-2.9,82,3986,110.2,112.9,-2.7,62.3,1.87,25.2,70.6,47.7,13.6,53.1,56.7,102.23,48.7,"8,486",43.4,90.5,48,12.1,32.8,37,18,23.1,77.8,11.4,35.8,47.3,26.2,15.8,7.7,4.6,4.6,21.2,20.7,116.9,2019
Atlanta Hawks,ATL,36,46,0.439,118.3,43,92.5,46.5,13.7,37.7,36.4,18.5,23.2,79.7,12.5,32.2,44.7,26.6,13.5,7.5,4.5,5.6,18.6,19.4,-2.2,82,3971,116.4,118.4,-2,61.8,1.96,30.8,71.7,50.4,13.3,53.9,57.6,100.84,48.2,"8,339",44.6,90.2,49.5,14,36.4,38.4,17.3,21.8,79.2,10.6,33.6,44.2,28.2,14.1,7.8,5.6,4.5,19.4,18.6,120.5,2024
Boston Celtics,BOS,64,18,0.78,120.6,43.9,90.2,48.7,16.5,42.5,38.8,16.3,20.2,80.7,10.7,35.6,46.3,26.9,11.9,6.8,6.6,3.7,16.2,17.3,11.3,82,3966,122.2,110.6,11.7,61.3,2.25,28.7,72.6,51.5,12.1,57.8,60.9,97.98,55.5,"8,090",41.5,91.6,45.3,12.9,36.7,35.2,13.3,17.3,76.8,11.1,32.3,43.3,24.9,12,6.2,3.7,6.6,17.3,16.2,109.2,2024
Brooklyn Nets,BKN,32,50,0.39,110.4,40.7,89.1,45.6,13.3,36.7,36.2,15.8,20.9,75.6,11.4,32.6,44.1,25.6,13.1,6.8,5.2,5,18.5,18.2,-2.9,82,3961,112.4,115.4,-2.9,63,1.95,28.9,71.5,49.7,13.4,53.1,56.1,97.56,48.3,"8,050",41.6,88.5,47,13,34.9,37.2,17.1,21.2,80.7,10.3,34,44.3,25.5,12.6,6.9,5,5.2,18.2,18.5,113.3,2024
Charlotte Hornets,CHA,21,61,0.256,106.6,40,87,46,12.1,34,35.5,14.5,18.4,78.6,9.3,31,40.3,24.8,13.8,6.9,4.5,4.8,18,17.5,-10.2,82,3946,108.6,119.2,-10.6,62,1.8,25.3,70.9,47.5,14,52.9,56,97.82,44.7,"8,048",43.4,87.7,49.4,13.6,36.2,37.7,16.5,20.7,79.6,10.6,34.8,45.4,28.7,13.6,7.1,4.8,4.5,17.5,18,116.8,2024
Chicago Bulls,CHI,39,43,0.476,112.3,42,89.5,47,11.5,32.1,35.8,16.7,21.1,79.1,11.2,32.6,43.8,25,12.2,7.8,4.8,4.9,18.8,18.8,-1.4,82,3996,114,115.7,-1.7,59.4,2.04,29.1,71.7,50.1,12.4,53.4,56.8,96.94,49.3,"8,078",41.1,87,47.3,14.6,39.5,37,16.9,21.8,77.6,10.1,33.3,43.4,27.9,14,6.8,4.9,4.8,18.8,18.8,113.7,2024
Cleveland Cavaliers,CLE,48,34,0.585,112.6,41.8,87.2,47.9,13.5,36.8,36.7,15.6,20.4,76.5,9.9,33.4,43.3,28,13.6,7.4,4.6,5,17.5,18.7,2.4,82,3961,114.7,112.1,2.5,67.1,2.07,27.4,72.1,50.1,13.8,55.7,58.6,97.62,51.9,"8,053",40.5,87.5,46.3,12.5,33.8,37.1,16.6,21,79.1,10,32.6,42.7,25.3,13.6,7.7,5,4.6,18.7,17.5,110.2,2024
Dallas Mavericks,DAL,50,32,0.61,117.9,43.1,89.7,48.1,14.6,39.5,36.9,17,22.5,75.8,9.7,33.2,42.9,25.7,12.5,6.9,5,4,18.3,20.3,2.2,82,3941,117,114.9,2.1,59.6,2.05,25.7,71.1,48.5,12.4,56.2,59.2,100.6,50.6,"8,263",43,90.4,47.5,13.1,35.6,36.8,16.6,21.6,77,10.9,34.1,45.1,27.5,13.7,7.4,4,5,20.3,18.3,115.6,2024
Denver Nuggets,DEN,57,25,0.695,114.9,44,88.8,49.6,11.7,31.2,37.4,15.1,19.9,76.2,10.7,33.7,44.4,29.5,12.6,7.1,5.6,4.8,18.2,17.9,5.3,82,3941,117.8,112.3,5.5,66.9,2.33,30,71.8,51.5,13,56.2,58.9,97.43,53.3,"7,996",40.6,87.9,46.2,11.2,31.5,35.5,17.1,22.2,77.2,10.9,31.4,42.3,25.7,12.4,7,4.8,5.6,17.9,18.2,109.6,2024
Detroit Pistons,DET,14,68,0.171,109.9,40.9,88.2,46.3,11,31.7,34.8,17,21.7,78.5,10.5,32.8,43.3,25.5,15.2,6.5,4.7,6,20.6,17.8,-9.1,82,3951,109,118,-9,62.3,1.67,27.7,73,49.9,15.1,52.6,56.2,100.45,44.9,"8,269",43.6,89,49,12.1,32.7,37,19.6,24.5,80,9.6,33.5,43.1,27,12.4,8.9,6,4.7,17.8,20.6,119,2024
Golden State Warriors,GSW,46,36,0.561,117.8,43.7,91.6,47.7,14.8,38.9,38,15.6,20,78,12.1,34.6,46.7,29.3,14.3,7,4.6,5,19.5,17.9,2.6,82,3966,116.9,114.5,2.4,67.1,2.05,31.5,72.5,52.1,14.2,55.7,58.6,99.91,51.2,"8,261",42.1,90.4,46.6,13.3,37,35.9,17.7,22.4,78.8,10.9,32,42.9,26.7,13,7.7,5,4.6,17.9,19.5,115.2,2024
Houston Rockets,HOU,41,41,0.5,114.3,41.8,91,45.9,12.7,36.1,35.2,18.1,23.4,77.3,11.5,34,45.5,24.8,12.7,7.8,4.6,5.9,20.8,19.6,1.1,82,3971,113.7,112.8,0.9,59.4,1.95,29.4,72.2,50.4,12.7,52.9,56.5,99.59,50.1,"8,248",40.8,88.1,46.3,12.3,35.4,34.8,19.3,25.2,76.7,10.7,34.2,44.9,24.4,13.8,7.3,5.9,4.6,19.6,20.8,113.2,2024
Indiana Pacers,IND,47,35,0.573,123.3,47,92.7,50.7,13.2,35.3,37.4,16.1,20.5,78.2,10.1,31.4,41.5,30.8,12.9,7.7,5.9,5.4,21.4,18.3,3,82,3941,120.5,117.6,2.9,65.4,2.38,28.4,70,49.2,12.6,57.8,60.6,102.16,51.7,"8,389",44.5,89.8,49.6,10.7,29.3,36.5,20.5,26,78.7,11,32.4,43.4,24.6,13.9,6.6,5.4,5.9,18.3,21.4,120.2,2024
LA Clippers,LAC,51,31,0.622,115.6,42.4,86.7,48.9,12.6,33.2,38.1,18.3,22.2,82.5,10,32.9,43,25.6,13.1,7.8,5,4.7,18.5,18.7,3.3,82,3941,117.9,114.6,3.4,60.4,1.95,28.3,70.5,50.2,13.4,56.1,59.9,97.93,52,"8,040",41.6,88.9,46.8,12.9,35.4,36.3,16.2,21,77.5,11.1,31.1,42.2,26.4,13,7.3,4.7,5,18.7,18.5,112.3,2024
Los Angeles Lakers,LAL,47,35,0.573,118,43.7,87.5,49.9,11.8,31.4,37.7,18.9,24.2,78.2,8.2,34.9,43.1,28.5,14,7.4,5.5,4.8,15.6,19.7,0.6,82,3971,115.4,114.8,0.6,65.4,2.04,24.4,72.5,49.6,13.7,56.6,60.1,101.38,51.8,"8,387",44.4,93.7,47.4,14.3,37.9,37.6,14.3,18,79.5,10.9,33.2,44,28.2,13.4,8.2,4.8,5.5,19.7,15.6,117.4,2024
Memphis Grizzlies,MEM,27,55,0.329,105.8,38.4,88.2,43.5,13.1,37.8,34.6,16,21,76.4,10.9,31.7,42.6,24.7,15.1,8.2,6.1,6.5,19.1,18.8,-7,82,3956,106.8,113.7,-6.9,64.4,1.64,28.7,70.6,48.8,15.2,50.9,54.3,98.68,45.8,"8,128",41.2,86.9,47.4,13.4,35.4,37.8,17,21.8,77.9,10.7,35,45.6,26.6,15.1,8.1,6.5,6.1,18.8,19.1,112.8,2024
Miami Heat,MIA,46,36,0.561,110.1,39.8,85.6,46.5,12.5,33.7,37,18,22,81.8,9.3,33,42.3,25.8,12.7,7.5,3.4,4.7,17.3,18.9,1.8,82,3951,113.3,111.5,1.8,64.8,2.04,26.1,73.4,49.8,13,53.8,57.8,96.88,50.9,"7,975",40.2,86,46.7,13,36.8,35.3,15,19.2,78,9.2,33.5,42.8,26.5,13.7,6.6,4.7,3.4,18.9,17.3,108.4,2024
Milwaukee Bucks,MIL,49,33,0.598,119,43.1,88.5,48.7,14.2,38.1,37.3,18.5,23.9,77.4,9.4,34.8,44.2,26.5,12.9,6.8,5,4.2,19.2,19.2,2.6,82,3961,117.6,115,2.6,61.5,2.05,25.5,73.1,49.9,12.8,56.8,60.1,100.51,51.1,"8,295",43.2,91.9,47,12.6,35.3,35.6,17.4,21.5,80.7,10.3,33.7,44,26.5,12,7.1,4.2,5,19.2,19.2,116.4,2024
Minnesota Timberwolves,MIN,56,26,0.683,113,41.3,85,48.5,12.6,32.7,38.7,17.8,22.9,77.7,9.4,34.2,43.6,26.6,14.2,7.9,6.1,4.5,18.8,19.9,6.5,82,3961,114.6,108.4,6.3,64.6,1.88,27.5,72.5,50.8,14.4,55.9,59.4,97.79,54.3,"8,081",39,86.8,45,11.4,32.3,35.4,17.1,21.9,78.1,10.3,31.2,41.4,24.5,14.2,7.5,4.5,6.1,19.9,18.8,106.5,2024
New Orleans Pelicans,NOP,49,33,0.598,115.1,42.5,87.4,48.6,12.5,32.6,38.3,17.6,22.8,77.1,10.4,33.6,44,27,13,8.3,4.6,5.2,18.4,18.4,4.4,82,3941,116.5,111.9,4.6,63.4,2.07,27.8,72.5,50.5,13.2,55.8,59.1,98.7,52.4,"8,101",40.5,87.3,46.4,13.5,38.7,34.9,16.2,20.7,78.3,10.1,32.2,42.3,26.8,14.2,6.5,5.2,4.6,18.4,18.4,110.7,2024
New York Knicks,NYK,50,32,0.61,112.8,41.3,88.7,46.5,13.2,35.8,36.9,17,21.8,78,12.7,32.5,45.2,24.4,13.2,7.5,4.1,5.3,17.6,19.1,4.6,82,3946,117.3,112.4,4.9,59,1.84,33.3,72.9,52.7,13.8,54,57.4,95.96,51.5,"7,883",40.3,85.7,47,12.5,34.3,36.5,15.1,19.8,76.4,10.2,30.4,40.6,25.6,13.2,6.7,5.3,4.1,19.1,17.6,108.2,2024
Oklahoma City Thunder,OKC,57,25,0.695,120.1,44.5,89.3,49.9,13.3,34.2,38.9,17.7,21.5,82.5,8.8,33.2,42,27.1,12.7,8.5,6.6,5.1,18.8,18.9,7.4,82,3961,118.3,111,7.3,60.9,2.14,25,69.8,48.4,12.5,57.3,60.8,100.85,53.8,"8,324",40.6,89.3,45.5,13.4,37.2,36.1,18.1,22.9,78.9,11.8,32.9,44.7,26.9,15.7,7.1,5.1,6.6,18.9,18.8,112.7,2024
Orlando Magic,ORL,47,35,0.573,110.5,40.5,84.9,47.6,11,31.3,35.2,18.5,24.4,75.9,10.5,31.8,42.3,24.7,14.7,8.2,5.2,4.6,19.7,20.9,2,82,3956,112.9,110.8,2.2,61,1.68,29.7,73.7,51.5,15,54.1,57.7,97.37,51.3,"8,022",39.8,84,47.4,11.5,32.1,35.8,17.3,22.2,78,8.9,30.9,39.9,23.9,15,8.1,4.6,5.2,20.9,19.7,108.4,2024
Philadelphia 76ers,PHI,47,35,0.573,114.6,41.5,89.4,46.4,12.1,33.3,36.3,19.5,23.6,82.6,11,31.9,43,24.9,12,8.5,6,6.1,20.3,18.5,3,82,3956,116.2,113,3.1,60,2.07,29.2,70.1,49.3,12.2,53.2,57.4,98.17,50.6,"8,090",40.5,86.6,46.8,11.9,33.7,35.4,18.6,23.5,79.1,11,33.4,44.5,26.1,14.6,6.2,6.1,6,18.5,20.3,111.5,2024
Phoenix Suns,PHX,49,33,0.598,116.2,42.5,86.1,49.3,12.4,32.6,38.2,18.9,23.4,80.8,10.1,33.9,44.1,27,14.9,7.4,6,4.5,18,19.7,3.1,82,3956,116.8,113.7,3.1,63.7,1.82,29.2,71.4,51.4,15,56.5,60.3,99,52.7,"8,158",42,90.6,46.4,13.1,36,36.4,16.1,20.8,77.4,11,30.4,41.3,26.3,12.7,8.4,4.5,6,19.7,18,113.2,2024
Portland Trail Blazers,POR,21,61,0.256,106.4,39.4,89.7,43.9,11.5,33.2,34.5,16.2,20.5,79.1,12.6,30.1,42.7,23.1,15.2,7.6,4.3,6.4,20.2,17.9,-9,82,3976,107.6,116.6,-9,58.7,1.52,32,69.7,49.8,15.4,50.3,53.9,97.88,43.4,"8,103",42.5,86.6,49.1,11.7,33.3,35.1,18.7,23.6,79.2,10.6,33.2,43.8,27.1,14.3,8.9,6.4,4.3,17.9,20.2,115.4,2024
Sacramento Kings,SAC,46,36,0.561,116.6,43.3,90.9,47.7,14.4,39.3,36.6,15.5,20.9,74.5,10.8,33.2,44,28.3,13.1,7.6,4.2,4.5,19.9,18.3,1.7,82,3971,116.2,114.4,1.8,65.4,2.16,28.5,74.4,50.7,13.1,55.6,58.2,99.47,50,"8,227",41.6,86.8,48,13.1,33.8,38.7,18.5,23.1,80,9.1,33.4,42.5,26.9,13.9,7.4,4.5,4.2,18.3,19.9,114.8,2024
San Antonio Spurs,SAS,22,60,0.268,112.1,41.9,90.7,46.2,12.6,36.4,34.7,15.6,20,78.2,10.4,33.9,44.2,29.9,15.1,7.1,6.3,4.6,17.2,17.9,-6.5,82,3966,109.3,115.6,-6.4,71.2,1.97,26.9,72.1,49.2,14.8,53.2,56.3,101.8,48,"8,413",44.9,92.3,48.7,12.7,34,37.3,16,20.5,78.4,10.5,34.8,45.3,28,13.4,8.9,4.6,6.3,17.9,17.2,118.6,2024
Toronto Raptors,TOR,25,57,0.305,112.4,42.3,89.7,47.1,11.5,33.1,34.7,16.3,21.6,75.6,10.9,31.8,42.7,28.5,14,7.7,4.7,5.8,18.4,18.1,-6.4,82,3961,111.8,118.1,-6.3,67.4,2.04,28.1,69.4,48.4,13.9,53.5,56.6,99.91,47.4,"8,241",44.7,91.2,49.1,13.7,36.3,37.6,15.6,19.8,78.9,11.2,34,45.2,28.6,13.9,7.3,5.8,4.7,18.1,18.4,118.8,2024
Utah Jazz,UTA,31,51,0.378,115.7,42,89.9,46.7,12.9,36.5,35.4,18.8,22.6,83,12.2,33.2,45.5,27.2,15.7,6.5,5.6,6.4,18.6,19.2,-4.9,82,3961,114.5,119.6,-5.1,64.8,1.74,32.5,71.7,52.1,15.5,53.9,57.9,100.26,47.8,"8,281",44.6,91.6,48.7,14.8,37.4,39.5,16.6,21.6,77.1,11,31.3,42.2,29.8,12.3,8.6,6.4,5.6,19.2,18.6,120.5,2024
Washington Wizards,WAS,15,67,0.183,113.7,43,91.4,47,12.4,35.5,34.8,15.4,20.2,76.4,9.2,31.9,41.1,27.9,14,7.6,5.1,6,20,18,-9.3,82,3946,110.2,118.9,-8.7,65,2,24,68.3,45.9,13.6,53.8,56.7,103.07,45.4,"8,461",46.1,92.9,49.6,12.3,33.9,36.2,18.6,24,77.7,12.1,36.8,48.9,29,14,8,6,5.1,18,20,123,2024
